,text,dim_0,dim_1,layer,label,fold,grad_0,grad_1,iteration
0,<unk>,0.0,0.0,Embedding,,,0.0,0.0,0
1,'s,-0.5836677551269531,1.2851731777191162,Embedding,,,-0.5836677551269531,1.2851731777191162,0
2,What,0.492312490940094,1.3961760997772217,Embedding,,,0.492312490940094,1.3961760997772217,0
3,capital,-0.08409614861011505,0.3483723998069763,Embedding,,,-0.08409614861011505,0.3483723998069763,0
4,currency,1.006335973739624,-0.8896750807762146,Embedding,,,1.006335973739624,-0.8896750807762146,0
5,england,-1.6231331825256348,-0.03645940497517586,Embedding,,,-1.6231331825256348,-0.03645940497517586,0
6,is,0.09578602761030197,0.674884021282196,Embedding,,,0.09578602761030197,0.674884021282196,0
7,of,-0.20935262739658356,0.6641822457313538,Embedding,,,-0.20935262739658356,0.6641822457313538,0
8,russia,0.7999856472015381,-0.1564309448003769,Embedding,,,0.7999856472015381,-0.1564309448003769,0
9,this,-0.6669100522994995,-0.6651401519775391,Embedding,,,-0.6669100522994995,-0.6651401519775391,0
10,linear1.weight_0,-0.07976716756820679,0.07868989557027817,param,,,-0.07976716756820679,0.07868989557027817,0
11,linear1.weight_1,0.12220297008752823,0.008896948769688606,param,,,0.12220297008752823,0.008896948769688606,0
12,linear1.weight_2,0.13104748725891113,0.14356696605682373,param,,,0.13104748725891113,0.14356696605682373,0
13,linear1.weight_3,0.20146673917770386,-0.13046884536743164,param,,,0.20146673917770386,-0.13046884536743164,0
14,linear1.weight_4,-0.025232389569282532,-0.08610772341489792,param,,,-0.025232389569282532,-0.08610772341489792,0
15,linear1.weight_5,-0.022311264649033546,0.004561322741210461,param,,,-0.022311264649033546,0.004561322741210461,0
16,linear1.weight_6,0.12697477638721466,0.06918884068727493,param,,,0.12697477638721466,0.06918884068727493,0
17,linear1.weight_7,0.15542350709438324,0.03511960804462433,param,,,0.15542350709438324,0.03511960804462433,0
18,linear1.weight_8,0.2127535045146942,0.04675767570734024,param,,,0.2127535045146942,0.04675767570734024,0
19,linear1.weight_9,0.17158621549606323,-0.10813219845294952,param,,,0.17158621549606323,-0.10813219845294952,0
20,linear1.bias,-0.15412724018096924,-0.20327623188495636,bias,,,-0.15412724018096924,-0.20327623188495636,0
21,linear2.weight_0,-0.22365808486938477,-0.011031847447156906,param,,,-0.22365808486938477,-0.011031847447156906,0
22,linear2.weight_1,-0.2765635848045349,0.029642809182405472,param,,,-0.2765635848045349,0.029642809182405472,0
23,linear2.weight_2,-0.21938934922218323,-0.27565526962280273,param,,,-0.21938934922218323,-0.27565526962280273,0
24,linear2.weight_3,0.050169285386800766,-0.14521628618240356,param,,,0.050169285386800766,-0.14521628618240356,0
25,linear2.weight_4,0.03666234388947487,0.2704739272594452,param,,,0.03666234388947487,0.2704739272594452,0
26,linear2.weight_5,0.11768049001693726,-0.11577055603265762,param,,,0.11768049001693726,-0.11577055603265762,0
27,linear2.weight_6,-0.004552362021058798,-0.1513117104768753,param,,,-0.004552362021058798,-0.1513117104768753,0
28,linear2.weight_7,-0.27959948778152466,0.19167344272136688,param,,,-0.27959948778152466,0.19167344272136688,0
29,linear2.bias,-0.0961039587855339,0.20754705369472504,bias,,,-0.0961039587855339,0.20754705369472504,0
30,<unk>,0.0,0.0,Embedding,,,0.0,0.0,10
31,'s,-0.5436677932739258,1.3151730298995972,Embedding,,,-0.5436677932739258,1.3151730298995972,10
32,What,0.5323124527931213,1.4361571073532104,Embedding,,,0.5323124527931213,1.4361571073532104,10
33,capital,-0.03409649059176445,0.36843159794807434,Embedding,,,-0.03409649059176445,0.36843159794807434,10
34,currency,1.0263358354568481,-0.8496756553649902,Embedding,,,1.0263358354568481,-0.8496756553649902,10
35,england,-1.6331324577331543,-0.016459640115499496,Embedding,,,-1.6331324577331543,-0.016459640115499496,10
36,is,0.13578592240810394,0.7148841619491577,Embedding,,,0.13578592240810394,0.7148841619491577,10
37,of,-0.169352725148201,0.7041823863983154,Embedding,,,-0.169352725148201,0.7041823863983154,10
38,russia,0.8499854803085327,-0.10643155872821808,Embedding,,,0.8499854803085327,-0.10643155872821808,10
39,this,-0.6269100904464722,-0.6251400113105774,Embedding,,,-0.6269100904464722,-0.6251400113105774,10
40,linear1.weight_0,-0.05476720258593559,0.053689926862716675,param,,,-0.05476720258593559,0.053689926862716675,10
41,linear1.weight_1,0.13220319151878357,-0.011104733683168888,param,,,0.13220319151878357,-0.011104733683168888,10
42,linear1.weight_2,0.18104711174964905,0.1935669183731079,param,,,0.18104711174964905,0.1935669183731079,10
43,linear1.weight_3,0.20146673917770386,-0.13046884536743164,param,,,0.20146673917770386,-0.13046884536743164,10
44,linear1.weight_4,-0.07523229718208313,-0.03610774874687195,param,,,-0.07523229718208313,-0.03610774874687195,10
45,linear1.weight_5,0.027688704431056976,-0.005438732448965311,param,,,0.027688704431056976,-0.005438732448965311,10
46,linear1.weight_6,0.17697462439537048,0.02918887883424759,param,,,0.17697462439537048,0.02918887883424759,10
47,linear1.weight_7,0.10542358458042145,0.0851195752620697,param,,,0.10542358458042145,0.0851195752620697,10
48,linear1.weight_8,0.22775349020957947,0.03175769001245499,param,,,0.22775349020957947,0.03175769001245499,10
49,linear1.weight_9,0.22158615291118622,-0.05813224986195564,param,,,0.22158615291118622,-0.05813224986195564,10
50,linear1.bias,-0.17912721633911133,-0.23327620327472687,bias,,,-0.17912721633911133,-0.23327620327472687,10
51,linear2.weight_0,-0.1986582726240158,0.038968101143836975,param,,,-0.1986582726240158,0.038968101143836975,10
52,linear2.weight_1,-0.3015625774860382,0.009644690901041031,param,,,-0.3015625774860382,0.009644690901041031,10
53,linear2.weight_2,-0.24438771605491638,-0.24565517902374268,param,,,-0.24438771605491638,-0.24565517902374268,10
54,linear2.weight_3,0.025170255452394485,-0.18521606922149658,param,,,0.025170255452394485,-0.18521606922149658,10
55,linear2.weight_4,0.011663717217743397,0.2204742580652237,param,,,0.011663717217743397,0.2204742580652237,10
56,linear2.weight_5,0.09268204122781754,-0.16577021777629852,param,,,0.09268204122781754,-0.16577021777629852,10
57,linear2.weight_6,-0.02955118753015995,-0.20131143927574158,param,,,-0.02955118753015995,-0.20131143927574158,10
58,linear2.weight_7,-0.3045983612537384,0.14167368412017822,param,,,-0.3045983612537384,0.14167368412017822,10
59,linear2.bias,-0.04610394686460495,0.2575470209121704,bias,,,-0.04610394686460495,0.2575470209121704,10
60,<unk>,0.0,0.0,Embedding,,,0.0,0.0,20
61,'s,-0.4936678409576416,1.3651729822158813,Embedding,,,-0.4936678409576416,1.3651729822158813,20
62,What,0.5823124051094055,1.4861570596694946,Embedding,,,0.5823124051094055,1.4861570596694946,20
63,capital,0.015903370454907417,0.41843143105506897,Embedding,,,0.015903370454907417,0.41843143105506897,20
64,currency,1.0763357877731323,-0.799675703048706,Embedding,,,1.0763357877731323,-0.799675703048706,20
65,england,-1.5931344032287598,0.03354010730981827,Embedding,,,-1.5931344032287598,0.03354010730981827,20
66,is,0.18578572571277618,0.7648841142654419,Embedding,,,0.18578572571277618,0.7648841142654419,20
67,of,-0.11935291439294815,0.7541823387145996,Embedding,,,-0.11935291439294815,0.7541823387145996,20
68,russia,0.8999854326248169,-0.05643177032470703,Embedding,,,0.8999854326248169,-0.05643177032470703,20
69,this,-0.576910138130188,-0.5751400589942932,Embedding,,,-0.576910138130188,-0.5751400589942932,20
70,linear1.weight_0,-0.05476720258593559,0.053689926862716675,param,,,-0.05476720258593559,0.053689926862716675,20
71,linear1.weight_1,0.0822034478187561,0.028895491734147072,param,,,0.0822034478187561,0.028895491734147072,20
72,linear1.weight_2,0.23104700446128845,0.2435668706893921,param,,,0.23104700446128845,0.2435668706893921,20
73,linear1.weight_3,0.20146673917770386,-0.13046884536743164,param,,,0.20146673917770386,-0.13046884536743164,20
74,linear1.weight_4,-0.12523211538791656,0.013892234303057194,param,,,-0.12523211538791656,0.013892234303057194,20
75,linear1.weight_5,0.07768867909908295,0.034560687839984894,param,,,0.07768867909908295,0.034560687839984894,20
76,linear1.weight_6,0.2169744223356247,0.039188869297504425,param,,,0.2169744223356247,0.039188869297504425,20
77,linear1.weight_7,0.05542363226413727,0.13511954247951508,param,,,0.05542363226413727,0.13511954247951508,20
78,linear1.weight_8,0.22775349020957947,0.03175769001245499,param,,,0.22775349020957947,0.03175769001245499,20
79,linear1.weight_9,0.2715861201286316,-0.008132265880703926,param,,,0.2715861201286316,-0.008132265880703926,20
80,linear1.bias,-0.17912721633911133,-0.21327611804008484,bias,,,-0.17912721633911133,-0.21327611804008484,20
81,linear2.weight_0,-0.1986582726240158,0.08896805346012115,param,,,-0.1986582726240158,0.08896805346012115,20
82,linear2.weight_1,-0.3015625774860382,-0.030354561284184456,param,,,-0.3015625774860382,-0.030354561284184456,20
83,linear2.weight_2,-0.24438771605491638,-0.285654753446579,param,,,-0.24438771605491638,-0.285654753446579,20
84,linear2.weight_3,0.025170255452394485,-0.2352159172296524,param,,,0.025170255452394485,-0.2352159172296524,20
85,linear2.weight_4,0.011663717217743397,0.17047472298145294,param,,,0.011663717217743397,0.17047472298145294,20
86,linear2.weight_5,0.09268204122781754,-0.21576982736587524,param,,,0.09268204122781754,-0.21576982736587524,20
87,linear2.weight_6,-0.02955118753015995,-0.2513110339641571,param,,,-0.02955118753015995,-0.2513110339641571,20
88,linear2.weight_7,-0.3045983612537384,0.09167399257421494,param,,,-0.3045983612537384,0.09167399257421494,20
89,linear2.bias,0.0038960441015660763,0.3075469732284546,bias,,,0.0038960441015660763,0.3075469732284546,20
90,<unk>,0.0,0.0,Embedding,,,0.0,0.0,30
91,'s,-0.4436678886413574,1.4151729345321655,Embedding,,,-0.4436678886413574,1.4151729345321655,30
92,What,0.6323123574256897,1.5361570119857788,Embedding,,,0.6323123574256897,1.5361570119857788,30
93,capital,0.055903155356645584,0.46843138337135315,Embedding,,,0.055903155356645584,0.46843138337135315,30
94,currency,1.1263357400894165,-0.7496757507324219,Embedding,,,1.1263357400894165,-0.7496757507324219,30
95,england,-1.6331340074539185,0.08353991061449051,Embedding,,,-1.6331340074539185,0.08353991061449051,30
96,is,0.23578552901744843,0.8148840665817261,Embedding,,,0.23578552901744843,0.8148840665817261,30
97,of,-0.06935311108827591,0.8041822910308838,Embedding,,,-0.06935311108827591,0.8041822910308838,30
98,russia,0.9499853849411011,-0.0064319162629544735,Embedding,,,0.9499853849411011,-0.0064319162629544735,30
99,this,-0.5269101858139038,-0.525140106678009,Embedding,,,-0.5269101858139038,-0.525140106678009,30
100,linear1.weight_0,-0.05476720258593559,0.053689926862716675,param,,,-0.05476720258593559,0.053689926862716675,30
101,linear1.weight_1,0.03220365568995476,0.0788954421877861,param,,,0.03220365568995476,0.0788954421877861,30
102,linear1.weight_2,0.28104695677757263,0.29356682300567627,param,,,0.28104695677757263,0.29356682300567627,30
103,linear1.weight_3,0.20146673917770386,-0.13046884536743164,param,,,0.20146673917770386,-0.13046884536743164,30
104,linear1.weight_4,-0.17523205280303955,0.06389221549034119,param,,,-0.17523205280303955,0.06389221549034119,30
105,linear1.weight_5,0.12768863141536713,0.07456057518720627,param,,,0.12768863141536713,0.07456057518720627,30
106,linear1.weight_6,0.246974378824234,0.03918899968266487,param,,,0.246974378824234,0.03918899968266487,30
107,linear1.weight_7,0.005423672031611204,0.18511949479579926,param,,,0.005423672031611204,0.18511949479579926,30
108,linear1.weight_8,0.22775349020957947,0.03175769001245499,param,,,0.22775349020957947,0.03175769001245499,30
109,linear1.weight_9,0.32158607244491577,0.041867706924676895,param,,,0.32158607244491577,0.041867706924676895,30
110,linear1.bias,-0.17912721633911133,-0.16327616572380066,bias,,,-0.17912721633911133,-0.16327616572380066,30
111,linear2.weight_0,-0.1986582726240158,0.13896800577640533,param,,,-0.1986582726240158,0.13896800577640533,30
112,linear2.weight_1,-0.3015625774860382,0.019645309075713158,param,,,-0.3015625774860382,0.019645309075713158,30
113,linear2.weight_2,-0.24438771605491638,-0.33565446734428406,param,,,-0.24438771605491638,-0.33565446734428406,30
114,linear2.weight_3,0.025170255452394485,-0.2852158844470978,param,,,0.025170255452394485,-0.2852158844470978,30
115,linear2.weight_4,0.011663717217743397,0.1204749122262001,param,,,0.011663717217743397,0.1204749122262001,30
116,linear2.weight_5,0.09268204122781754,-0.26576972007751465,param,,,0.09268204122781754,-0.26576972007751465,30
117,linear2.weight_6,-0.02955118753015995,-0.3013109862804413,param,,,-0.02955118753015995,-0.3013109862804413,30
118,linear2.weight_7,-0.3045983612537384,0.04167409613728523,param,,,-0.3045983612537384,0.04167409613728523,30
119,linear2.bias,0.05389603599905968,0.35754692554473877,bias,,,0.05389603599905968,0.35754692554473877,30
120,<unk>,0.0,0.0,Embedding,,,0.0,0.0,40
121,'s,-0.39366796612739563,1.4651728868484497,Embedding,,,-0.39366796612739563,1.4651728868484497,40
122,What,0.6823123097419739,1.586156964302063,Embedding,,,0.6823123097419739,1.586156964302063,40
123,capital,0.005904801655560732,0.5184313058853149,Embedding,,,0.005904801655560732,0.5184313058853149,40
124,currency,1.1763356924057007,-0.6996761560440063,Embedding,,,1.1763356924057007,-0.6996761560440063,40
125,england,-1.6831339597702026,0.13353976607322693,Embedding,,,-1.6831339597702026,0.13353976607322693,40
126,is,0.2857852280139923,0.8648840188980103,Embedding,,,0.2857852280139923,0.8648840188980103,40
127,of,-0.01935337483882904,0.854182243347168,Embedding,,,-0.01935337483882904,0.854182243347168,40
128,russia,0.9999853372573853,0.04356781765818596,Embedding,,,0.9999853372573853,0.04356781765818596,40
129,this,-0.47691038250923157,-0.4751403033733368,Embedding,,,-0.47691038250923157,-0.4751403033733368,40
130,linear1.weight_0,-0.05476720258593559,0.053689926862716675,param,,,-0.05476720258593559,0.053689926862716675,40
131,linear1.weight_1,-0.01779625378549099,0.12889540195465088,param,,,-0.01779625378549099,0.12889540195465088,40
132,linear1.weight_2,0.28104662895202637,0.34356677532196045,param,,,0.28104662895202637,0.34356677532196045,40
133,linear1.weight_3,0.20146673917770386,-0.13046884536743164,param,,,0.20146673917770386,-0.13046884536743164,40
134,linear1.weight_4,-0.22523200511932373,0.11389216780662537,param,,,-0.22523200511932373,0.11389216780662537,40
135,linear1.weight_5,0.1776885837316513,0.034560590982437134,param,,,0.1776885837316513,0.034560590982437134,40
136,linear1.weight_6,0.2769744098186493,0.07918798923492432,param,,,0.2769744098186493,0.07918798923492432,40
137,linear1.weight_7,-0.04457630589604378,0.23511944711208344,param,,,-0.04457630589604378,0.23511944711208344,40
138,linear1.weight_8,0.22775349020957947,0.03175769001245499,param,,,0.22775349020957947,0.03175769001245499,40
139,linear1.weight_9,0.37158602476119995,0.09186766296625137,param,,,0.37158602476119995,0.09186766296625137,40
140,linear1.bias,-0.17912721633911133,-0.11327621340751648,bias,,,-0.17912721633911133,-0.11327621340751648,40
141,linear2.weight_0,-0.1986582726240158,0.18896795809268951,param,,,-0.1986582726240158,0.18896795809268951,40
142,linear2.weight_1,-0.3015625774860382,0.0696452334523201,param,,,-0.3015625774860382,0.0696452334523201,40
143,linear2.weight_2,-0.24438771605491638,-0.38565441966056824,param,,,-0.24438771605491638,-0.38565441966056824,40
144,linear2.weight_3,0.025170255452394485,-0.33521583676338196,param,,,0.025170255452394485,-0.33521583676338196,40
145,linear2.weight_4,0.011663717217743397,0.07047506421804428,param,,,0.011663717217743397,0.07047506421804428,40
146,linear2.weight_5,0.09268204122781754,-0.31576967239379883,param,,,0.09268204122781754,-0.31576967239379883,40
147,linear2.weight_6,-0.02955118753015995,-0.3513107895851135,param,,,-0.02955118753015995,-0.3513107895851135,40
148,linear2.weight_7,-0.3045983612537384,-0.008325821720063686,param,,,-0.3045983612537384,-0.008325821720063686,40
149,linear2.bias,0.10389599204063416,0.40754687786102295,bias,,,0.10389599204063416,0.40754687786102295,40
150,<unk>,0.0,0.0,Embedding,,,0.0,0.0,50
151,'s,-0.3536689281463623,1.5151728391647339,Embedding,,,-0.3536689281463623,1.5151728391647339,50
152,What,0.7323120832443237,1.6361569166183472,Embedding,,,0.7323120832443237,1.6361569166183472,50
153,capital,-0.04409509152173996,0.5684312582015991,Embedding,,,-0.04409509152173996,0.5684312582015991,50
154,currency,1.2263356447219849,-0.719688892364502,Embedding,,,1.2263356447219849,-0.719688892364502,50
155,england,-1.7331339120864868,0.18353956937789917,Embedding,,,-1.7331339120864868,0.18353956937789917,50
156,is,0.3357848823070526,0.9148836135864258,Embedding,,,0.3357848823070526,0.9148836135864258,50
157,of,0.030646199360489845,0.9041818380355835,Embedding,,,0.030646199360489845,0.9041818380355835,50
158,russia,1.0499852895736694,0.09356693178415298,Embedding,,,1.0499852895736694,0.09356693178415298,50
159,this,-0.42691072821617126,-0.42514070868492126,Embedding,,,-0.42691072821617126,-0.42514070868492126,50
160,linear1.weight_0,-0.05476720258593559,0.053689926862716675,param,,,-0.05476720258593559,0.053689926862716675,50
161,linear1.weight_1,-0.06779620051383972,0.17889535427093506,param,,,-0.06779620051383972,0.17889535427093506,50
162,linear1.weight_2,0.23104697465896606,0.39356672763824463,param,,,0.23104697465896606,0.39356672763824463,50
163,linear1.weight_3,0.20146673917770386,-0.13046884536743164,param,,,0.20146673917770386,-0.13046884536743164,50
164,linear1.weight_4,-0.2752319574356079,0.16389212012290955,param,,,-0.2752319574356079,0.16389212012290955,50
165,linear1.weight_5,0.22768853604793549,0.014560598880052567,param,,,0.22768853604793549,0.014560598880052567,50
166,linear1.weight_6,0.30697447061538696,0.12918616831302643,param,,,0.30697447061538696,0.12918616831302643,50
167,linear1.weight_7,-0.09457626938819885,0.2851194143295288,param,,,-0.09457626938819885,0.2851194143295288,50
168,linear1.weight_8,0.22775349020957947,0.03175769001245499,param,,,0.22775349020957947,0.03175769001245499,50
169,linear1.weight_9,0.42158597707748413,0.14186760783195496,param,,,0.42158597707748413,0.14186760783195496,50
170,linear1.bias,-0.17912721633911133,-0.0632762610912323,bias,,,-0.17912721633911133,-0.0632762610912323,50
171,linear2.weight_0,-0.1986582726240158,0.2389679104089737,param,,,-0.1986582726240158,0.2389679104089737,50
172,linear2.weight_1,-0.3015625774860382,0.11964518576860428,param,,,-0.3015625774860382,0.11964518576860428,50
173,linear2.weight_2,-0.24438771605491638,-0.4356543719768524,param,,,-0.24438771605491638,-0.4356543719768524,50
174,linear2.weight_3,0.025170255452394485,-0.38521578907966614,param,,,0.025170255452394485,-0.38521578907966614,50
175,linear2.weight_4,0.011663717217743397,0.02047526091337204,param,,,0.011663717217743397,0.02047526091337204,50
176,linear2.weight_5,0.09268204122781754,-0.365769624710083,param,,,0.09268204122781754,-0.365769624710083,50
177,linear2.weight_6,-0.02955118753015995,-0.40131044387817383,param,,,-0.02955118753015995,-0.40131044387817383,50
178,linear2.weight_7,-0.3045983612537384,-0.05832573026418686,param,,,-0.3045983612537384,-0.05832573026418686,50
179,linear2.bias,0.10389599204063416,0.45754683017730713,bias,,,0.10389599204063416,0.45754683017730713,50
180,<unk>,0.0,0.0,Embedding,,,0.0,0.0,60
181,'s,-0.33366912603378296,1.565172791481018,Embedding,,,-0.33366912603378296,1.565172791481018,60
182,What,0.7823115587234497,1.6861568689346313,Embedding,,,0.7823115587234497,1.6861568689346313,60
183,capital,-0.09409496933221817,0.6184312105178833,Embedding,,,-0.09409496933221817,0.6184312105178833,60
184,currency,1.276335597038269,-0.7696887254714966,Embedding,,,1.276335597038269,-0.7696887254714966,60
185,england,-1.783133864402771,0.23353934288024902,Embedding,,,-1.783133864402771,0.23353934288024902,60
186,is,0.3857843577861786,0.9648830890655518,Embedding,,,0.3857843577861786,0.9648830890655518,60
187,of,0.08064571768045425,0.9541813135147095,Embedding,,,0.08064571768045425,0.9541813135147095,60
188,russia,1.0999852418899536,0.10356723517179489,Embedding,,,1.0999852418899536,0.10356723517179489,60
189,this,-0.3769112527370453,-0.37514135241508484,Embedding,,,-0.3769112527370453,-0.37514135241508484,60
190,linear1.weight_0,-0.05476720258593559,0.053689926862716675,param,,,-0.05476720258593559,0.053689926862716675,60
191,linear1.weight_1,-0.1177961528301239,0.22889530658721924,param,,,-0.1177961528301239,0.22889530658721924,60
192,linear1.weight_2,0.18104703724384308,0.393566757440567,param,,,0.18104703724384308,0.393566757440567,60
193,linear1.weight_3,0.20146673917770386,-0.13046884536743164,param,,,0.20146673917770386,-0.13046884536743164,60
194,linear1.weight_4,-0.3252319097518921,0.21389207243919373,param,,,-0.3252319097518921,0.21389207243919373,60
195,linear1.weight_5,0.27768850326538086,-0.005439379718154669,param,,,0.27768850326538086,-0.005439379718154669,60
196,linear1.weight_6,0.3369745910167694,0.14918600022792816,param,,,0.3369745910167694,0.14918600022792816,60
197,linear1.weight_7,-0.14457622170448303,0.335119366645813,param,,,-0.14457622170448303,0.335119366645813,60
198,linear1.weight_8,0.22775349020957947,0.03175769001245499,param,,,0.22775349020957947,0.03175769001245499,60
199,linear1.weight_9,0.4715859293937683,0.18186748027801514,param,,,0.4715859293937683,0.18186748027801514,60
200,linear1.bias,-0.17912721633911133,-0.013276283629238605,bias,,,-0.17912721633911133,-0.013276283629238605,60
201,linear2.weight_0,-0.1986582726240158,0.28896787762641907,param,,,-0.1986582726240158,0.28896787762641907,60
202,linear2.weight_1,-0.3015625774860382,0.16964514553546906,param,,,-0.3015625774860382,0.16964514553546906,60
203,linear2.weight_2,-0.24438771605491638,-0.4856543242931366,param,,,-0.24438771605491638,-0.4856543242931366,60
204,linear2.weight_3,0.025170255452394485,-0.4352157413959503,param,,,0.025170255452394485,-0.4352157413959503,60
205,linear2.weight_4,0.011663717217743397,-0.029524430632591248,param,,,0.011663717217743397,-0.029524430632591248,60
206,linear2.weight_5,0.09268204122781754,-0.4157695770263672,param,,,0.09268204122781754,-0.4157695770263672,60
207,linear2.weight_6,-0.02955118753015995,-0.4513097405433655,param,,,-0.02955118753015995,-0.4513097405433655,60
208,linear2.weight_7,-0.3045983612537384,-0.10832557082176208,param,,,-0.3045983612537384,-0.10832557082176208,60
209,linear2.bias,0.06389640271663666,0.5075467824935913,bias,,,0.06389640271663666,0.5075467824935913,60
210,<unk>,0.0,0.0,Embedding,,,0.0,0.0,70
211,'s,-0.38366901874542236,1.6151721477508545,Embedding,,,-0.38366901874542236,1.6151721477508545,70
212,What,0.8323115110397339,1.7361568212509155,Embedding,,,0.8323115110397339,1.7361568212509155,70
213,capital,-0.14409476518630981,0.6684311628341675,Embedding,,,-0.14409476518630981,0.6684311628341675,70
214,currency,1.3263355493545532,-0.8196886777877808,Embedding,,,1.3263355493545532,-0.8196886777877808,70
215,england,-1.8331338167190552,0.2835390567779541,Embedding,,,-1.8331338167190552,0.2835390567779541,70
216,is,0.43578431010246277,1.0148828029632568,Embedding,,,0.43578431010246277,1.0148828029632568,70
217,of,0.13064558804035187,1.004180908203125,Embedding,,,0.13064558804035187,1.004180908203125,70
218,russia,1.1499851942062378,0.09356702864170074,Embedding,,,1.1499851942062378,0.09356702864170074,70
219,this,-0.3269113004207611,-0.3251417577266693,Embedding,,,-0.3269113004207611,-0.3251417577266693,70
220,linear1.weight_0,-0.05476720258593559,0.053689926862716675,param,,,-0.05476720258593559,0.053689926862716675,70
221,linear1.weight_1,-0.16779610514640808,0.2788952589035034,param,,,-0.16779610514640808,0.2788952589035034,70
222,linear1.weight_2,0.1310470849275589,0.3435671031475067,param,,,0.1310470849275589,0.3435671031475067,70
223,linear1.weight_3,0.20146673917770386,-0.13046884536743164,param,,,0.20146673917770386,-0.13046884536743164,70
224,linear1.weight_4,-0.37523186206817627,0.2638920247554779,param,,,-0.37523186206817627,0.2638920247554779,70
225,linear1.weight_5,0.32768845558166504,-0.04543925076723099,param,,,0.32768845558166504,-0.04543925076723099,70
226,linear1.weight_6,0.3869745433330536,0.19918595254421234,param,,,0.3869745433330536,0.19918595254421234,70
227,linear1.weight_7,-0.1945761740207672,0.38511931896209717,param,,,-0.1945761740207672,0.38511931896209717,70
228,linear1.weight_8,0.22775349020957947,0.03175769001245499,param,,,0.22775349020957947,0.03175769001245499,70
229,linear1.weight_9,0.5215858817100525,0.1418677419424057,param,,,0.5215858817100525,0.1418677419424057,70
230,linear1.bias,-0.17912721633911133,0.03672364354133606,bias,,,-0.17912721633911133,0.03672364354133606,70
231,linear2.weight_0,-0.1986582726240158,0.33896782994270325,param,,,-0.1986582726240158,0.33896782994270325,70
232,linear2.weight_1,-0.3015625774860382,0.21964509785175323,param,,,-0.3015625774860382,0.21964509785175323,70
233,linear2.weight_2,-0.24438771605491638,-0.5356543064117432,param,,,-0.24438771605491638,-0.5356543064117432,70
234,linear2.weight_3,0.025170255452394485,-0.4852156937122345,param,,,0.025170255452394485,-0.4852156937122345,70
235,linear2.weight_4,0.011663717217743397,-0.07952380925416946,param,,,0.011663717217743397,-0.07952380925416946,70
236,linear2.weight_5,0.09268204122781754,-0.46576929092407227,param,,,0.09268204122781754,-0.46576929092407227,70
237,linear2.weight_6,-0.02955118753015995,-0.5013078451156616,param,,,-0.02955118753015995,-0.5013078451156616,70
238,linear2.weight_7,-0.3045983612537384,-0.1583251655101776,param,,,-0.3045983612537384,-0.1583251655101776,70
239,linear2.bias,0.023896830156445503,0.5475463271141052,bias,,,0.023896830156445503,0.5475463271141052,70
240,<unk>,0.0,0.0,Embedding,,,0.0,0.0,80
241,'s,-0.43366870284080505,1.6351722478866577,Embedding,,,-0.43366870284080505,1.6351722478866577,80
242,What,0.8823112845420837,1.7761567831039429,Embedding,,,0.8823112845420837,1.7761567831039429,80
243,capital,-0.19409440457820892,0.7184311151504517,Embedding,,,-0.19409440457820892,0.7184311151504517,80
244,currency,1.3763355016708374,-0.8696883320808411,Embedding,,,1.3763355016708374,-0.8696883320808411,80
245,england,-1.8831337690353394,0.3335389494895935,Embedding,,,-1.8831337690353394,0.3335389494895935,80
246,is,0.4857841730117798,1.044884443283081,Embedding,,,0.4857841730117798,1.044884443283081,80
247,of,0.1806454211473465,1.0341825485229492,Embedding,,,0.1806454211473465,1.0341825485229492,80
248,russia,1.199985146522522,0.04356744512915611,Embedding,,,1.199985146522522,0.04356744512915611,80
249,this,-0.2769114375114441,-0.2951403558254242,Embedding,,,-0.2769114375114441,-0.2951403558254242,80
250,linear1.weight_0,-0.05476720258593559,0.053689926862716675,param,,,-0.05476720258593559,0.053689926862716675,80
251,linear1.weight_1,-0.21779602766036987,0.3288952112197876,param,,,-0.21779602766036987,0.3288952112197876,80
252,linear1.weight_2,0.08104713261127472,0.2935675084590912,param,,,0.08104713261127472,0.2935675084590912,80
253,linear1.weight_3,0.20146673917770386,-0.13046884536743164,param,,,0.20146673917770386,-0.13046884536743164,80
254,linear1.weight_4,-0.42523181438446045,0.3138919174671173,param,,,-0.42523181438446045,0.3138919174671173,80
255,linear1.weight_5,0.3776884078979492,-0.015439372509717941,param,,,0.3776884078979492,-0.015439372509717941,80
256,linear1.weight_6,0.43697449564933777,0.23918604850769043,param,,,0.43697449564933777,0.23918604850769043,80
257,linear1.weight_7,-0.24457597732543945,0.4351192116737366,param,,,-0.24457597732543945,0.4351192116737366,80
258,linear1.weight_8,0.22775349020957947,0.03175769001245499,param,,,0.22775349020957947,0.03175769001245499,80
259,linear1.weight_9,0.5715858340263367,0.11186806857585907,param,,,0.5715858340263367,0.11186806857585907,80
260,linear1.bias,-0.17912721633911133,0.06672371178865433,bias,,,-0.17912721633911133,0.06672371178865433,80
261,linear2.weight_0,-0.1986582726240158,0.3889677822589874,param,,,-0.1986582726240158,0.3889677822589874,80
262,linear2.weight_1,-0.3015625774860382,0.2696450352668762,param,,,-0.3015625774860382,0.2696450352668762,80
263,linear2.weight_2,-0.24438771605491638,-0.5856542587280273,param,,,-0.24438771605491638,-0.5856542587280273,80
264,linear2.weight_3,0.025170255452394485,-0.5352156758308411,param,,,0.025170255452394485,-0.5352156758308411,80
265,linear2.weight_4,0.011663717217743397,-0.12952236831188202,param,,,0.011663717217743397,-0.12952236831188202,80
266,linear2.weight_5,0.09268204122781754,-0.5157686471939087,param,,,0.09268204122781754,-0.5157686471939087,80
267,linear2.weight_6,-0.02955118753015995,-0.5513023734092712,param,,,-0.02955118753015995,-0.5513023734092712,80
268,linear2.weight_7,-0.3045983612537384,-0.2083238810300827,param,,,-0.3045983612537384,-0.2083238810300827,80
269,linear2.bias,-0.026102863252162933,0.5375459790229797,bias,,,-0.026102863252162933,0.5375459790229797,80
270,<unk>,0.0,0.0,Embedding,,,0.0,0.0,90
271,'s,-0.4336678385734558,1.6751717329025269,Embedding,,,-0.4336678385734558,1.6751717329025269,90
272,What,0.9223092794418335,1.8161503076553345,Embedding,,,0.9223092794418335,1.8161503076553345,90
273,capital,-0.24409405887126923,0.7684309482574463,Embedding,,,-0.24409405887126923,0.7684309482574463,90
274,currency,1.4263354539871216,-0.8896878361701965,Embedding,,,1.4263354539871216,-0.8896878361701965,90
275,england,-1.9331337213516235,0.3835388422012329,Embedding,,,-1.9331337213516235,0.3835388422012329,90
276,is,0.5357821583747864,1.0648843050003052,Embedding,,,0.5357821583747864,1.0648843050003052,90
277,of,0.23064342141151428,1.0541824102401733,Embedding,,,0.23064342141151428,1.0541824102401733,90
278,russia,1.2499850988388062,-0.006432159338146448,Embedding,,,1.2499850988388062,-0.006432159338146448,90
279,this,-0.2269134372472763,-0.27514028549194336,Embedding,,,-0.2269134372472763,-0.27514028549194336,90
280,linear1.weight_0,-0.05476720258593559,0.053689926862716675,param,,,-0.05476720258593559,0.053689926862716675,90
281,linear1.weight_1,-0.26779577136039734,0.3788951337337494,param,,,-0.26779577136039734,0.3788951337337494,90
282,linear1.weight_2,0.03104717843234539,0.29356148838996887,param,,,0.03104717843234539,0.29356148838996887,90
283,linear1.weight_3,0.20146673917770386,-0.13046884536743164,param,,,0.20146673917770386,-0.13046884536743164,90
284,linear1.weight_4,-0.47523176670074463,0.36389046907424927,param,,,-0.47523176670074463,0.36389046907424927,90
285,linear1.weight_5,0.4276883602142334,0.014560647308826447,param,,,0.4276883602142334,0.014560647308826447,90
286,linear1.weight_6,0.48697444796562195,0.28918570280075073,param,,,0.48697444796562195,0.28918570280075073,90
287,linear1.weight_7,-0.29456794261932373,0.47513166069984436,param,,,-0.29456794261932373,0.47513166069984436,90
288,linear1.weight_8,0.22775349020957947,0.03175769001245499,param,,,0.22775349020957947,0.03175769001245499,90
289,linear1.weight_9,0.6215857863426208,0.09187003970146179,param,,,0.6215857863426208,0.09187003970146179,90
290,linear1.bias,-0.17912721633911133,0.09672380983829498,bias,,,-0.17912721633911133,0.09672380983829498,90
291,linear2.weight_0,-0.1986582726240158,0.4389677345752716,param,,,-0.1986582726240158,0.4389677345752716,90
292,linear2.weight_1,-0.3015625774860382,0.3196449875831604,param,,,-0.3015625774860382,0.3196449875831604,90
293,linear2.weight_2,-0.24438771605491638,-0.6356542110443115,param,,,-0.24438771605491638,-0.6356542110443115,90
294,linear2.weight_3,0.025170255452394485,-0.5852156281471252,param,,,0.025170255452394485,-0.5852156281471252,90
295,linear2.weight_4,0.011663717217743397,-0.1795182079076767,param,,,0.011663717217743397,-0.1795182079076767,90
296,linear2.weight_5,0.09268204122781754,-0.5657665729522705,param,,,0.09268204122781754,-0.5657665729522705,90
297,linear2.weight_6,-0.02955118753015995,-0.6012808084487915,param,,,-0.02955118753015995,-0.6012808084487915,90
298,linear2.weight_7,-0.3045983612537384,-0.25831812620162964,param,,,-0.3045983612537384,-0.25831812620162964,90
299,linear2.bias,-0.07610266655683517,0.49754607677459717,bias,,,-0.07610266655683517,0.49754607677459717,90
300,<unk>,0.0,0.0,Embedding,,,0.0,0.0,100
301,'s,-0.4236655533313751,1.7051726579666138,Embedding,,,-0.4236655533313751,1.7051726579666138,100
302,What,0.9223104119300842,1.8361494541168213,Embedding,,,0.9223104119300842,1.8361494541168213,100
303,capital,-0.29409345984458923,0.8184303045272827,Embedding,,,-0.29409345984458923,0.8184303045272827,100
304,currency,1.4763351678848267,-0.8896877765655518,Embedding,,,1.4763351678848267,-0.8896877765655518,100
305,england,-1.9831336736679077,0.433538556098938,Embedding,,,-1.9831336736679077,0.433538556098938,100
306,is,0.5357851982116699,1.0648859739303589,Embedding,,,0.5357851982116699,1.0648859739303589,100
307,of,0.2306465208530426,1.054184079170227,Embedding,,,0.2306465208530426,1.054184079170227,100
308,russia,1.2999850511550903,-0.05643167346715927,Embedding,,,1.2999850511550903,-0.05643167346715927,100
309,this,-0.22691033780574799,-0.2751387655735016,Embedding,,,-0.22691033780574799,-0.2751387655735016,100
310,linear1.weight_0,-0.05476720258593559,0.053689926862716675,param,,,-0.05476720258593559,0.053689926862716675,100
311,linear1.weight_1,-0.3177953064441681,0.4288949966430664,param,,,-0.3177953064441681,0.4288949966430664,100
312,linear1.weight_2,-0.018952764570713043,0.3335598409175873,param,,,-0.018952764570713043,0.3335598409175873,100
313,linear1.weight_3,0.20146673917770386,-0.13046884536743164,param,,,0.20146673917770386,-0.13046884536743164,100
314,linear1.weight_4,-0.5252317190170288,0.3938888609409332,param,,,-0.5252317190170288,0.3938888609409332,100
315,linear1.weight_5,0.4776883125305176,0.06455940008163452,param,,,0.4776883125305176,0.06455940008163452,100
316,linear1.weight_6,0.5369743704795837,0.3391853868961334,param,,,0.5369743704795837,0.3391853868961334,100
317,linear1.weight_7,-0.29457321763038635,0.5051301717758179,param,,,-0.29457321763038635,0.5051301717758179,100
318,linear1.weight_8,0.22775349020957947,0.03175769001245499,param,,,0.22775349020957947,0.03175769001245499,100
319,linear1.weight_9,0.671585738658905,0.10186869651079178,param,,,0.671585738658905,0.10186869651079178,100
320,linear1.bias,-0.17912721633911133,0.12672381103038788,bias,,,-0.17912721633911133,0.12672381103038788,100
321,linear2.weight_0,-0.1986582726240158,0.4889676868915558,param,,,-0.1986582726240158,0.4889676868915558,100
322,linear2.weight_1,-0.3015625774860382,0.36964479088783264,param,,,-0.3015625774860382,0.36964479088783264,100
323,linear2.weight_2,-0.24438771605491638,-0.6856541633605957,param,,,-0.24438771605491638,-0.6856541633605957,100
324,linear2.weight_3,0.025170255452394485,-0.6352155804634094,param,,,0.025170255452394485,-0.6352155804634094,100
325,linear2.weight_4,0.011663717217743397,-0.22950328886508942,param,,,0.011663717217743397,-0.22950328886508942,100
326,linear2.weight_5,0.09268204122781754,-0.6157583594322205,param,,,0.09268204122781754,-0.6157583594322205,100
327,linear2.weight_6,-0.02955118753015995,-0.6511776447296143,param,,,-0.02955118753015995,-0.6511776447296143,100
328,linear2.weight_7,-0.3045983612537384,-0.3082863390445709,param,,,-0.3045983612537384,-0.3082863390445709,100
329,linear2.bias,-0.10610189288854599,0.44754645228385925,bias,,,-0.10610189288854599,0.44754645228385925,100
330,<unk>,0.0,0.0,Embedding,,,0.0,0.0,110
331,'s,-0.41366586089134216,1.7551698684692383,Embedding,,,-0.41366586089134216,1.7551698684692383,110
332,What,0.9323074221611023,1.8761481046676636,Embedding,,,0.9323074221611023,1.8761481046676636,110
333,capital,-0.344092458486557,0.8684291839599609,Embedding,,,-0.344092458486557,0.8684291839599609,110
334,currency,1.5263346433639526,-0.8796879053115845,Embedding,,,1.5263346433639526,-0.8796879053115845,110
335,england,-2.033132791519165,0.4835381507873535,Embedding,,,-2.033132791519165,0.4835381507873535,110
336,is,0.5457847118377686,1.0748977661132812,Embedding,,,0.5457847118377686,1.0748977661132812,110
337,of,0.24064606428146362,1.0641958713531494,Embedding,,,0.24064606428146362,1.0641958713531494,110
338,russia,1.3499850034713745,-0.10643074661493301,Embedding,,,1.3499850034713745,-0.10643074661493301,110
339,this,-0.21691079437732697,-0.2651268243789673,Embedding,,,-0.21691079437732697,-0.2651268243789673,110
340,linear1.weight_0,-0.05476720258593559,0.053689926862716675,param,,,-0.05476720258593559,0.053689926862716675,110
341,linear1.weight_1,-0.36779433488845825,0.4788946509361267,param,,,-0.36779433488845825,0.4788946509361267,110
342,linear1.weight_2,-0.06895264983177185,0.3835580050945282,param,,,-0.06895264983177185,0.3835580050945282,110
343,linear1.weight_3,0.20146673917770386,-0.13046884536743164,param,,,0.20146673917770386,-0.13046884536743164,110
344,linear1.weight_4,-0.575231671333313,0.4438880681991577,param,,,-0.575231671333313,0.4438880681991577,110
345,linear1.weight_5,0.5276882648468018,0.09455883502960205,param,,,0.5276882648468018,0.09455883502960205,110
346,linear1.weight_6,0.5869743227958679,0.3891848027706146,param,,,0.5869743227958679,0.3891848027706146,110
347,linear1.weight_7,-0.3045750558376312,0.5551266074180603,param,,,-0.3045750558376312,0.5551266074180603,110
348,linear1.weight_8,0.22775349020957947,0.03175769001245499,param,,,0.22775349020957947,0.03175769001245499,110
349,linear1.weight_9,0.7215856909751892,0.10186852514743805,param,,,0.7215856909751892,0.10186852514743805,110
350,linear1.bias,-0.17912721633911133,0.1667228490114212,bias,,,-0.17912721633911133,0.1667228490114212,110
351,linear2.weight_0,-0.1986582726240158,0.5389676094055176,param,,,-0.1986582726240158,0.5389676094055176,110
352,linear2.weight_1,-0.3015625774860382,0.4196443557739258,param,,,-0.3015625774860382,0.4196443557739258,110
353,linear2.weight_2,-0.24438771605491638,-0.7356541156768799,param,,,-0.24438771605491638,-0.7356541156768799,110
354,linear2.weight_3,0.025170255452394485,-0.6852155327796936,param,,,0.025170255452394485,-0.6852155327796936,110
355,linear2.weight_4,0.011663717217743397,-0.27942797541618347,param,,,0.011663717217743397,-0.27942797541618347,110
356,linear2.weight_5,0.09268204122781754,-0.6657139658927917,param,,,0.09268204122781754,-0.6657139658927917,110
357,linear2.weight_6,-0.02955118753015995,-0.7004953622817993,param,,,-0.02955118753015995,-0.7004953622817993,110
358,linear2.weight_7,-0.3045983612537384,-0.3580244481563568,param,,,-0.3045983612537384,-0.3580244481563568,110
359,linear2.bias,-0.12610021233558655,0.3975469768047333,bias,,,-0.12610021233558655,0.3975469768047333,110
360,<unk>,0.0,0.0,Embedding,,,0.0,0.0,120
361,'s,-0.40390658378601074,1.8051681518554688,Embedding,,,-0.40390658378601074,1.8051681518554688,120
362,What,0.9323168396949768,1.9261454343795776,Embedding,,,0.9323168396949768,1.9261454343795776,120
363,capital,-0.3940906822681427,0.9184266328811646,Embedding,,,-0.3940906822681427,0.9184266328811646,120
364,currency,1.576332449913025,-0.8796872496604919,Embedding,,,1.576332449913025,-0.8796872496604919,120
365,england,-2.0831315517425537,0.5335370898246765,Embedding,,,-2.0831315517425537,0.5335370898246765,120
366,is,0.5458077192306519,1.1049007177352905,Embedding,,,0.5458077192306519,1.1049007177352905,120
367,of,0.2406691163778305,1.0941988229751587,Embedding,,,0.2406691163778305,1.0941988229751587,120
368,russia,1.3999848365783691,-0.1464332491159439,Embedding,,,1.3999848365783691,-0.1464332491159439,120
369,this,-0.21688774228096008,-0.2351239174604416,Embedding,,,-0.21688774228096008,-0.2351239174604416,120
370,linear1.weight_0,-0.07975462824106216,0.07868658006191254,param,,,-0.07975462824106216,0.07868658006191254,120
371,linear1.weight_1,-0.41779235005378723,0.5288939476013184,param,,,-0.41779235005378723,0.5288939476013184,120
372,linear1.weight_2,-0.11895231157541275,0.42358705401420593,param,,,-0.11895231157541275,0.42358705401420593,120
373,linear1.weight_3,0.20146673917770386,-0.13046884536743164,param,,,0.20146673917770386,-0.13046884536743164,120
374,linear1.weight_4,-0.6252312064170837,0.4938865303993225,param,,,-0.6252312064170837,0.4938865303993225,120
375,linear1.weight_5,0.5776877999305725,0.1345536708831787,param,,,0.5776877999305725,0.1345536708831787,120
376,linear1.weight_6,0.6369737386703491,0.4391832649707794,param,,,0.6369737386703491,0.4391832649707794,120
377,linear1.weight_7,-0.334576278924942,0.605126142501831,param,,,-0.334576278924942,0.605126142501831,120
378,linear1.weight_8,0.22775349020957947,0.03175769001245499,param,,,0.22775349020957947,0.03175769001245499,120
379,linear1.weight_9,0.7715855836868286,0.10186606645584106,param,,,0.7715855836868286,0.10186606645584106,120
380,linear1.bias,-0.15413108468055725,0.21671991050243378,bias,,,-0.15413108468055725,0.21671991050243378,120
381,linear2.weight_0,-0.17377404868602753,0.5889675617218018,param,,,-0.17377404868602753,0.5889675617218018,120
382,linear2.weight_1,-0.3262966275215149,0.4696437120437622,param,,,-0.3262966275215149,0.4696437120437622,120
383,linear2.weight_2,-0.26919025182724,-0.7856539487838745,param,,,-0.26919025182724,-0.7856539487838745,120
384,linear2.weight_3,0.00921197235584259,-0.7352154850959778,param,,,0.00921197235584259,-0.7352154850959778,120
385,linear2.weight_4,0.011232527904212475,-0.32895350456237793,param,,,0.011232527904212475,-0.32895350456237793,120
386,linear2.weight_5,0.09126415103673935,-0.7154090404510498,param,,,0.09126415103673935,-0.7154090404510498,120
387,linear2.weight_6,-0.029646053910255432,-0.745501697063446,param,,,-0.029646053910255432,-0.745501697063446,120
388,linear2.weight_7,-0.3066138029098511,-0.4052603840827942,param,,,-0.3066138029098511,-0.4052603840827942,120
389,linear2.bias,-0.1261175274848938,0.3475484848022461,bias,,,-0.1261175274848938,0.3475484848022461,120
390,<unk>,0.0,0.0,Embedding,,,0.0,0.0,130
391,'s,-0.40389570593833923,1.8551626205444336,Embedding,,,-0.40389570593833923,1.8551626205444336,130
392,What,0.932319164276123,1.9761377573013306,Embedding,,,0.932319164276123,1.9761377573013306,130
393,capital,-0.4440861642360687,0.9684200286865234,Embedding,,,-0.4440861642360687,0.9684200286865234,130
394,currency,1.626326560974121,-0.8796811699867249,Embedding,,,1.626326560974121,-0.8796811699867249,130
395,england,-2.133129835128784,0.5835334062576294,Embedding,,,-2.133129835128784,0.5835334062576294,130
396,is,0.545810341835022,1.1348053216934204,Embedding,,,0.545810341835022,1.1348053216934204,130
397,of,0.24067170917987823,1.1241034269332886,Embedding,,,0.24067170917987823,1.1241034269332886,130
398,russia,1.44998300075531,-0.1564439982175827,Embedding,,,1.44998300075531,-0.1564439982175827,130
399,this,-0.21688514947891235,-0.20521940290927887,Embedding,,,-0.21688514947891235,-0.20521940290927887,130
400,linear1.weight_0,-0.12973788380622864,0.07869630306959152,param,,,-0.12973788380622864,0.07869630306959152,130
401,linear1.weight_1,-0.4677872955799103,0.5788922309875488,param,,,-0.4677872955799103,0.5788922309875488,130
402,linear1.weight_2,-0.16895103454589844,0.4235813617706299,param,,,-0.16895103454589844,0.4235813617706299,130
403,linear1.weight_3,0.20146673917770386,-0.13046884536743164,param,,,0.20146673917770386,-0.13046884536743164,130
404,linear1.weight_4,-0.6752283573150635,0.5438815355300903,param,,,-0.6752283573150635,0.5438815355300903,130
405,linear1.weight_5,0.6276865005493164,0.13456974923610687,param,,,0.6276865005493164,0.13456974923610687,130
406,linear1.weight_6,0.6869720220565796,0.48917922377586365,param,,,0.6869720220565796,0.48917922377586365,130
407,linear1.weight_7,-0.3445848524570465,0.6551244854927063,param,,,-0.3445848524570465,0.6551244854927063,130
408,linear1.weight_8,0.22775349020957947,0.03175769001245499,param,,,0.22775349020957947,0.03175769001245499,130
409,linear1.weight_9,0.8215847611427307,0.10186590999364853,param,,,0.8215847611427307,0.10186590999364853,130
410,linear1.bias,-0.154129758477211,0.26671499013900757,bias,,,-0.154129758477211,0.26671499013900757,130
411,linear2.weight_0,-0.12377758324146271,0.6389670372009277,param,,,-0.12377758324146271,0.6389670372009277,130
412,linear2.weight_1,-0.3762855529785156,0.5196424722671509,param,,,-0.3762855529785156,0.5196424722671509,130
413,linear2.weight_2,-0.319184809923172,-0.8356532454490662,param,,,-0.319184809923172,-0.8356532454490662,130
414,linear2.weight_3,-0.03462725505232811,-0.7852147221565247,param,,,-0.03462725505232811,-0.7852147221565247,130
415,linear2.weight_4,0.007724102586507797,-0.3753451108932495,param,,,0.007724102586507797,-0.3753451108932495,130
416,linear2.weight_5,0.08555104583501816,-0.7627665400505066,param,,,0.08555104583501816,-0.7627665400505066,130
417,linear2.weight_6,-0.030024370178580284,-0.7715713977813721,param,,,-0.030024370178580284,-0.7715713977813721,130
418,linear2.weight_7,-0.30987414717674255,-0.43552127480506897,param,,,-0.30987414717674255,-0.43552127480506897,130
419,linear2.bias,-0.13614273071289062,0.29755544662475586,bias,,,-0.13614273071289062,0.29755544662475586,130
420,<unk>,0.0,0.0,Embedding,,,0.0,0.0,140
421,'s,-0.4038713276386261,1.9051395654678345,Embedding,,,-0.4038713276386261,1.9051395654678345,140
422,What,0.9323260188102722,2.026104211807251,Embedding,,,0.9323260188102722,2.026104211807251,140
423,capital,-0.49407219886779785,1.0184004306793213,Embedding,,,-0.49407219886779785,1.0184004306793213,140
424,currency,1.6763114929199219,-0.8796795606613159,Embedding,,,1.6763114929199219,-0.8796795606613159,140
425,england,-2.1831212043762207,0.6335174441337585,Embedding,,,-2.1831212043762207,0.6335174441337585,140
426,is,0.5458183884620667,1.1452399492263794,Embedding,,,0.5458183884620667,1.1452399492263794,140
427,of,0.24067966639995575,1.1345380544662476,Embedding,,,0.24067966639995575,1.1345380544662476,140
428,russia,1.4999748468399048,-0.15646718442440033,Embedding,,,1.4999748468399048,-0.15646718442440033,140
429,this,-0.21687719225883484,-0.19478479027748108,Embedding,,,-0.21687719225883484,-0.19478479027748108,140
430,linear1.weight_0,-0.17969945073127747,0.08869188278913498,param,,,-0.17969945073127747,0.08869188278913498,140
431,linear1.weight_1,-0.517772376537323,0.6288862824440002,param,,,-0.517772376537323,0.6288862824440002,140
432,linear1.weight_2,-0.21894395351409912,0.42350468039512634,param,,,-0.21894395351409912,0.42350468039512634,140
433,linear1.weight_3,0.20146673917770386,-0.13046884536743164,param,,,0.20146673917770386,-0.13046884536743164,140
434,linear1.weight_4,-0.7252177596092224,0.5938674807548523,param,,,-0.7252177596092224,0.5938674807548523,140
435,linear1.weight_5,0.6776812672615051,0.13458019495010376,param,,,0.6776812672615051,0.13458019495010376,140
436,linear1.weight_6,0.7369647026062012,0.5391543507575989,param,,,0.7369647026062012,0.5391543507575989,140
437,linear1.weight_7,-0.3446236252784729,0.7051175832748413,param,,,-0.3446236252784729,0.7051175832748413,140
438,linear1.weight_8,0.22775349020957947,0.03175769001245499,param,,,0.22775349020957947,0.03175769001245499,140
439,linear1.weight_9,0.8715807199478149,0.11185786128044128,param,,,0.8715807199478149,0.11185786128044128,140
440,linear1.bias,-0.14414536952972412,0.31668564677238464,bias,,,-0.14414536952972412,0.31668564677238464,140
441,linear2.weight_0,-0.07378627359867096,0.6889655590057373,param,,,-0.07378627359867096,0.6889655590057373,140
442,linear2.weight_1,-0.4262554347515106,0.5696379542350769,param,,,-0.4262554347515106,0.5696379542350769,140
443,linear2.weight_2,-0.36917227506637573,-0.8856512904167175,param,,,-0.36917227506637573,-0.8856512904167175,140
444,linear2.weight_3,-0.07083950936794281,-0.835212230682373,param,,,-0.07083950936794281,-0.835212230682373,140
445,linear2.weight_4,0.007371481973677874,-0.40450751781463623,param,,,0.007371481973677874,-0.40450751781463623,140
446,linear2.weight_5,0.08499444276094437,-0.7938331961631775,param,,,0.08499444276094437,-0.7938331961631775,140
447,linear2.weight_6,-0.03005981259047985,-0.7770880460739136,param,,,-0.03005981259047985,-0.7770880460739136,140
448,linear2.weight_7,-0.31022077798843384,-0.44220781326293945,param,,,-0.31022077798843384,-0.44220781326293945,140
449,linear2.bias,-0.13617509603500366,0.24758018553256989,bias,,,-0.13617509603500366,0.24758018553256989,140
450,<unk>,0.0,0.0,Embedding,,,0.0,0.0,150
451,'s,-0.4039022922515869,1.955012559890747,Embedding,,,-0.4039022922515869,1.955012559890747,150
452,What,0.932356595993042,2.075960397720337,Embedding,,,0.932356595993042,2.075960397720337,150
453,capital,-0.544016420841217,1.068324089050293,Embedding,,,-0.544016420841217,1.068324089050293,150
454,currency,1.7262517213821411,-0.889695405960083,Embedding,,,1.7262517213821411,-0.889695405960083,150
455,england,-2.233071804046631,0.683426022529602,Embedding,,,-2.233071804046631,0.683426022529602,150
456,is,0.545856237411499,1.1765367984771729,Embedding,,,0.545856237411499,1.1765367984771729,150
457,of,0.2407175451517105,1.165834903717041,Embedding,,,0.2407175451517105,1.165834903717041,150
458,russia,1.5499292612075806,-0.1565408706665039,Embedding,,,1.5499292612075806,-0.1565408706665039,150
459,this,-0.21683931350708008,-0.16348771750926971,Embedding,,,-0.21683931350708008,-0.16348771750926971,150
460,linear1.weight_0,-0.22957615554332733,0.08871211856603622,param,,,-0.22957615554332733,0.08871211856603622,150
461,linear1.weight_1,-0.5677114725112915,0.6788607239723206,param,,,-0.5677114725112915,0.6788607239723206,150
462,linear1.weight_2,-0.2688976228237152,0.4329783320426941,param,,,-0.2688976228237152,0.4329783320426941,150
463,linear1.weight_3,0.20146673917770386,-0.13046884536743164,param,,,0.20146673917770386,-0.13046884536743164,150
464,linear1.weight_4,-0.7751631736755371,0.6437987089157104,param,,,-0.7751631736755371,0.6437987089157104,150
465,linear1.weight_5,0.7276561856269836,0.13454721868038177,param,,,0.7276561856269836,0.13454721868038177,150
466,linear1.weight_6,0.7869265079498291,0.5691004395484924,param,,,0.7869265079498291,0.5691004395484924,150
467,linear1.weight_7,-0.34487101435661316,0.7550829648971558,param,,,-0.34487101435661316,0.7550829648971558,150
468,linear1.weight_8,0.22775349020957947,0.03175769001245499,param,,,0.22775349020957947,0.03175769001245499,150
469,linear1.weight_9,0.9215576648712158,0.1417941004037857,param,,,0.9215576648712158,0.1417941004037857,150
470,linear1.bias,-0.14416027069091797,0.35658538341522217,bias,,,-0.14416027069091797,0.35658538341522217,150
471,linear2.weight_0,-0.023817213252186775,0.7389599084854126,param,,,-0.023817213252186775,0.7389599084854126,150
472,linear2.weight_1,-0.47613030672073364,0.6196198463439941,param,,,-0.47613030672073364,0.6196198463439941,150
473,linear2.weight_2,-0.4191296100616455,-0.9356441497802734,param,,,-0.4191296100616455,-0.9356441497802734,150
474,linear2.weight_3,-0.10334695130586624,-0.8852015733718872,param,,,-0.10334695130586624,-0.8852015733718872,150
475,linear2.weight_4,0.007326879538595676,-0.41140276193618774,param,,,0.007326879538595676,-0.41140276193618774,150
476,linear2.weight_5,0.08493872731924057,-0.8007766008377075,param,,,0.08493872731924057,-0.8007766008377075,150
477,linear2.weight_6,-0.03006376326084137,-0.777664840221405,param,,,-0.03006376326084137,-0.777664840221405,150
478,linear2.weight_7,-0.31025126576423645,-0.4428289234638214,param,,,-0.31025126576423645,-0.4428289234638214,150
479,linear2.bias,-0.13624918460845947,0.19780535995960236,bias,,,-0.13624918460845947,0.19780535995960236,150
480,<unk>,0.0,0.0,Embedding,,,0.0,0.0,160
481,'s,-0.3956722319126129,2.003970146179199,Embedding,,,-0.3956722319126129,2.003970146179199,160
482,What,0.9325290322303772,2.125126600265503,Embedding,,,0.9325290322303772,2.125126600265503,160
483,capital,-0.5936993956565857,1.1179617643356323,Embedding,,,-0.5936993956565857,1.1179617643356323,160
484,currency,1.7759618759155273,-0.9036775827407837,Embedding,,,1.7759618759155273,-0.9036775827407837,160
485,england,-2.282688856124878,0.7328543066978455,Embedding,,,-2.282688856124878,0.7328543066978455,160
486,is,0.5459794998168945,1.2152520418167114,Embedding,,,0.5459794998168945,1.2152520418167114,160
487,of,0.24084079265594482,1.2045501470565796,Embedding,,,0.24084079265594482,1.2045501470565796,160
488,russia,1.599632978439331,-0.15622618794441223,Embedding,,,1.599632978439331,-0.15622618794441223,160
489,this,-0.21671606600284576,-0.12477245181798935,Embedding,,,-0.21671606600284576,-0.12477245181798935,160
490,linear1.weight_0,-0.279087096452713,0.0890362337231636,param,,,-0.279087096452713,0.0890362337231636,160
491,linear1.weight_1,-0.6173703074455261,0.7287383079528809,param,,,-0.6173703074455261,0.7287383079528809,160
492,linear1.weight_2,-0.31851065158843994,0.42593517899513245,param,,,-0.31851065158843994,0.42593517899513245,160
493,linear1.weight_3,0.20146673917770386,-0.13046884536743164,param,,,0.20146673917770386,-0.13046884536743164,160
494,linear1.weight_4,-0.8248465061187744,0.6934079527854919,param,,,-0.8248465061187744,0.6934079527854919,160
495,linear1.weight_5,0.7775046825408936,0.13451659679412842,param,,,0.7775046825408936,0.13451659679412842,160
496,linear1.weight_6,0.8366829752922058,0.5891496539115906,param,,,0.8366829752922058,0.5891496539115906,160
497,linear1.weight_7,-0.3459358811378479,0.8046618700027466,param,,,-0.3459358811378479,0.8046618700027466,160
498,linear1.weight_8,0.22775349020957947,0.03175769001245499,param,,,0.22775349020957947,0.03175769001245499,160
499,linear1.weight_9,0.9714037775993347,0.18129603564739227,param,,,0.9714037775993347,0.18129603564739227,160
500,linear1.bias,-0.1442451775074005,0.3963240087032318,bias,,,-0.1442451775074005,0.3963240087032318,160
501,linear2.weight_0,0.026039840653538704,0.7889293432235718,param,,,0.026039840653538704,0.7889293432235718,160
502,linear2.weight_1,-0.5254573225975037,0.6695445775985718,param,,,-0.5254573225975037,0.6695445775985718,160
503,linear2.weight_2,-0.4689454734325409,-0.9856084585189819,param,,,-0.4689454734325409,-0.9856084585189819,160
504,linear2.weight_3,-0.1370282918214798,-0.9351468682289124,param,,,-0.1370282918214798,-0.9351468682289124,160
505,linear2.weight_4,0.007322747725993395,-0.41219934821128845,param,,,0.007322747725993395,-0.41219934821128845,160
506,linear2.weight_5,0.08493468910455704,-0.8014862537384033,param,,,0.08493468910455704,-0.8014862537384033,160
507,linear2.weight_6,-0.03006400726735592,-0.7777075171470642,param,,,-0.03006400726735592,-0.7777075171470642,160
508,linear2.weight_7,-0.31025317311286926,-0.4428701400756836,param,,,-0.31025317311286926,-0.4428701400756836,160
509,linear2.bias,-0.1367737054824829,0.17330974340438843,bias,,,-0.1367737054824829,0.17330974340438843,160
510,<unk>,0.0,0.0,Embedding,,,0.0,0.0,170
511,'s,-0.4011084735393524,2.0468993186950684,Embedding,,,-0.4011084735393524,2.0468993186950684,170
512,What,0.9391776323318481,2.1713569164276123,Embedding,,,0.9391776323318481,2.1713569164276123,170
513,capital,-0.6417804956436157,1.1658293008804321,Embedding,,,-0.6417804956436157,1.1658293008804321,170
514,currency,1.8242179155349731,-0.9314606189727783,Embedding,,,1.8242179155349731,-0.9314606189727783,170
515,england,-2.329805374145508,0.7790225148200989,Embedding,,,-2.329805374145508,0.7790225148200989,170
516,is,0.5510715246200562,1.2597485780715942,Embedding,,,0.5510715246200562,1.2597485780715942,170
517,of,0.24593284726142883,1.2490466833114624,Embedding,,,0.24593284726142883,1.2490466833114624,170
518,russia,1.6474523544311523,-0.14442430436611176,Embedding,,,1.6474523544311523,-0.14442430436611176,170
519,this,-0.21162401139736176,-0.08027571439743042,Embedding,,,-0.21162401139736176,-0.08027571439743042,170
520,linear1.weight_0,-0.32623496651649475,0.10008718073368073,param,,,-0.32623496651649475,0.10008718073368073,170
521,linear1.weight_1,-0.665023684501648,0.7779607176780701,param,,,-0.665023684501648,0.7779607176780701,170
522,linear1.weight_2,-0.3648759126663208,0.4248194396495819,param,,,-0.3648759126663208,0.4248194396495819,170
523,linear1.weight_3,0.20146673917770386,-0.13046884536743164,param,,,0.20146673917770386,-0.13046884536743164,170
524,linear1.weight_4,-0.8726709485054016,0.7413864731788635,param,,,-0.8726709485054016,0.7413864731788635,170
525,linear1.weight_5,0.8265208005905151,0.13354359567165375,param,,,0.8265208005905151,0.13354359567165375,170
526,linear1.weight_6,0.8849254250526428,0.6162928938865662,param,,,0.8849254250526428,0.6162928938865662,170
527,linear1.weight_7,-0.3577667772769928,0.8525407314300537,param,,,-0.3577667772769928,0.8525407314300537,170
528,linear1.weight_8,0.22775349020957947,0.03175769001245499,param,,,0.22775349020957947,0.03175769001245499,170
529,linear1.weight_9,1.0202581882476807,0.21826009452342987,param,,,1.0202581882476807,0.21826009452342987,170
530,linear1.bias,-0.14403222501277924,0.44386374950408936,bias,,,-0.14403222501277924,0.44386374950408936,170
531,linear2.weight_0,0.0752134844660759,0.8387287259101868,param,,,0.0752134844660759,0.8387287259101868,170
532,linear2.weight_1,-0.5717306733131409,0.7190967202186584,param,,,-0.5717306733131409,0.7190967202186584,170
533,linear2.weight_2,-0.5178914666175842,-1.0353776216506958,param,,,-0.5178914666175842,-1.0353776216506958,170
534,linear2.weight_3,-0.15284568071365356,-0.9848015904426575,param,,,-0.15284568071365356,-0.9848015904426575,170
535,linear2.weight_4,0.007322556339204311,-0.4122649133205414,param,,,0.007322556339204311,-0.4122649133205414,170
536,linear2.weight_5,0.08493450284004211,-0.8015409708023071,param,,,0.08493450284004211,-0.8015409708023071,170
537,linear2.weight_6,-0.030064012855291367,-0.7777100205421448,param,,,-0.030064012855291367,-0.7777100205421448,170
538,linear2.weight_7,-0.31025323271751404,-0.4428723156452179,param,,,-0.31025323271751404,-0.4428723156452179,170
539,linear2.bias,-0.13999508321285248,0.16688184440135956,bias,,,-0.13999508321285248,0.16688184440135956,170
540,<unk>,0.0,0.0,Embedding,,,0.0,0.0,180
541,'s,-0.40054887533187866,2.058234453201294,Embedding,,,-0.40054887533187866,2.058234453201294,180
542,What,0.9444656372070312,2.1992173194885254,Embedding,,,0.9444656372070312,2.1992173194885254,180
543,capital,-0.6792587637901306,1.2040284872055054,Embedding,,,-0.6792587637901306,1.2040284872055054,180
544,currency,1.8643487691879272,-0.955294668674469,Embedding,,,1.8643487691879272,-0.955294668674469,180
545,england,-2.3596267700195312,0.806804358959198,Embedding,,,-2.3596267700195312,0.806804358959198,180
546,is,0.5564353466033936,1.2858202457427979,Embedding,,,0.5564353466033936,1.2858202457427979,180
547,of,0.25129666924476624,1.275118350982666,Embedding,,,0.25129666924476624,1.275118350982666,180
548,russia,1.684711217880249,-0.13528236746788025,Embedding,,,1.684711217880249,-0.13528236746788025,180
549,this,-0.20626014471054077,-0.054203879088163376,Embedding,,,-0.20626014471054077,-0.054203879088163376,180
550,linear1.weight_0,-0.36249953508377075,0.11686152964830399,param,,,-0.36249953508377075,0.11686152964830399,180
551,linear1.weight_1,-0.7000812292098999,0.8219174146652222,param,,,-0.7000812292098999,0.8219174146652222,180
552,linear1.weight_2,-0.39353734254837036,0.4258386790752411,param,,,-0.39353734254837036,0.4258386790752411,180
553,linear1.weight_3,0.20146673917770386,-0.13046884536743164,param,,,0.20146673917770386,-0.13046884536743164,180
554,linear1.weight_4,-0.9109529852867126,0.7659351825714111,param,,,-0.9109529852867126,0.7659351825714111,180
555,linear1.weight_5,0.8698809146881104,0.13398076593875885,param,,,0.8698809146881104,0.13398076593875885,180
556,linear1.weight_6,0.9241551756858826,0.6355481147766113,param,,,0.9241551756858826,0.6355481147766113,180
557,linear1.weight_7,-0.3679925501346588,0.8821386098861694,param,,,-0.3679925501346588,0.8821386098861694,180
558,linear1.weight_8,0.22775349020957947,0.03175769001245499,param,,,0.22775349020957947,0.03175769001245499,180
559,linear1.weight_9,1.0624340772628784,0.2421102374792099,param,,,1.0624340772628784,0.2421102374792099,180
560,linear1.bias,-0.14375972747802734,0.4762502610683441,bias,,,-0.14375972747802734,0.4762502610683441,180
561,linear2.weight_0,0.1193813681602478,0.8863112330436707,param,,,0.1193813681602478,0.8863112330436707,180
562,linear2.weight_1,-0.6060752272605896,0.7663182616233826,param,,,-0.6060752272605896,0.7663182616233826,180
563,linear2.weight_2,-0.561608612537384,-1.083714246749878,param,,,-0.561608612537384,-1.083714246749878,180
564,linear2.weight_3,-0.15667285025119781,-1.0325508117675781,param,,,-0.15667285025119781,-1.0325508117675781,180
565,linear2.weight_4,0.007322546560317278,-0.4122696816921234,param,,,0.007322546560317278,-0.4122696816921234,180
566,linear2.weight_5,0.08493450284004211,-0.801544725894928,param,,,0.08493450284004211,-0.801544725894928,180
567,linear2.weight_6,-0.030064012855291367,-0.7777100801467896,param,,,-0.030064012855291367,-0.7777100801467896,180
568,linear2.weight_7,-0.31025323271751404,-0.44287237524986267,param,,,-0.31025323271751404,-0.44287237524986267,180
569,linear2.bias,-0.14989590644836426,0.15869057178497314,bias,,,-0.14989590644836426,0.15869057178497314,180
570,<unk>,0.0,0.0,Embedding,,,0.0,0.0,190
571,'s,-0.39941057562828064,2.0588834285736084,Embedding,,,-0.39941057562828064,2.0588834285736084,190
572,What,0.945623517036438,2.212026834487915,Embedding,,,0.945623517036438,2.212026834487915,190
573,capital,-0.6966990232467651,1.2215975522994995,Embedding,,,-0.6966990232467651,1.2215975522994995,190
574,currency,1.8837045431137085,-0.9621899127960205,Embedding,,,1.8837045431137085,-0.9621899127960205,190
575,england,-2.372755765914917,0.8162522912025452,Embedding,,,-2.372755765914917,0.8162522912025452,190
576,is,0.5573769211769104,1.2985001802444458,Embedding,,,0.5573769211769104,1.2985001802444458,190
577,of,0.25223827362060547,1.287798285484314,Embedding,,,0.25223827362060547,1.287798285484314,190
578,russia,1.7008600234985352,-0.12897878885269165,Embedding,,,1.7008600234985352,-0.12897878885269165,190
579,this,-0.20531854033470154,-0.041523996740579605,Embedding,,,-0.20531854033470154,-0.041523996740579605,190
580,linear1.weight_0,-0.3789292871952057,0.12785963714122772,param,,,-0.3789292871952057,0.12785963714122772,190
581,linear1.weight_1,-0.7152552604675293,0.8456048369407654,param,,,-0.7152552604675293,0.8456048369407654,190
582,linear1.weight_2,-0.4020565450191498,0.42480483651161194,param,,,-0.4020565450191498,0.42480483651161194,190
583,linear1.weight_3,0.20146673917770386,-0.13046884536743164,param,,,0.20146673917770386,-0.13046884536743164,190
584,linear1.weight_4,-0.9264813661575317,0.7759810090065002,param,,,-0.9264813661575317,0.7759810090065002,190
585,linear1.weight_5,0.8941596150398254,0.14023944735527039,param,,,0.8941596150398254,0.14023944735527039,190
586,linear1.weight_6,0.9442408084869385,0.6418725252151489,param,,,0.9442408084869385,0.6418725252151489,190
587,linear1.weight_7,-0.3739064335823059,0.8977122902870178,param,,,-0.3739064335823059,0.8977122902870178,190
588,linear1.weight_8,0.22775349020957947,0.03175769001245499,param,,,0.22775349020957947,0.03175769001245499,190
589,linear1.weight_9,1.082741141319275,0.24347002804279327,param,,,1.082741141319275,0.24347002804279327,190
590,linear1.bias,-0.13825006783008575,0.4946501553058624,bias,,,-0.13825006783008575,0.4946501553058624,190
591,linear2.weight_0,0.14348150789737701,0.9059973359107971,param,,,0.14348150789737701,0.9059973359107971,190
592,linear2.weight_1,-0.6245172023773193,0.7697893381118774,param,,,-0.6245172023773193,0.7697893381118774,190
593,linear2.weight_2,-0.5919141173362732,-1.1269246339797974,param,,,-0.5919141173362732,-1.1269246339797974,190
594,linear2.weight_3,-0.15769647061824799,-1.074524998664856,param,,,-0.15769647061824799,-1.074524998664856,190
595,linear2.weight_4,0.007322544697672129,-0.41227033734321594,param,,,0.007322544697672129,-0.41227033734321594,190
596,linear2.weight_5,0.08493450284004211,-0.8015453219413757,param,,,0.08493450284004211,-0.8015453219413757,190
597,linear2.weight_6,-0.030064012855291367,-0.7777100801467896,param,,,-0.030064012855291367,-0.7777100801467896,190
598,linear2.weight_7,-0.31025323271751404,-0.44287237524986267,param,,,-0.31025323271751404,-0.44287237524986267,190
599,linear2.bias,-0.1557912975549698,0.14589647948741913,bias,,,-0.1557912975549698,0.14589647948741913,190
600,<unk>,0.0,0.0,Embedding,,,0.0,0.0,200
601,'s,-0.39926838874816895,2.059479236602783,Embedding,,,-0.39926838874816895,2.059479236602783,200
602,What,0.9479832053184509,2.2192702293395996,Embedding,,,0.9479832053184509,2.2192702293395996,200
603,capital,-0.7004543542861938,1.2258563041687012,Embedding,,,-0.7004543542861938,1.2258563041687012,200
604,currency,1.8895360231399536,-0.9586876630783081,Embedding,,,1.8895360231399536,-0.9586876630783081,200
605,england,-2.3697683811187744,0.8201624155044556,Embedding,,,-2.3697683811187744,0.8201624155044556,200
606,is,0.5596736669540405,1.3055232763290405,Embedding,,,0.5596736669540405,1.3055232763290405,200
607,of,0.2545349895954132,1.2948213815689087,Embedding,,,0.2545349895954132,1.2948213815689087,200
608,russia,1.7002190351486206,-0.12510326504707336,Embedding,,,1.7002190351486206,-0.12510326504707336,200
609,this,-0.20302186906337738,-0.03450091928243637,Embedding,,,-0.20302186906337738,-0.03450091928243637,200
610,linear1.weight_0,-0.38503342866897583,0.14830659329891205,param,,,-0.38503342866897583,0.14830659329891205,200
611,linear1.weight_1,-0.7138006687164307,0.8657744526863098,param,,,-0.7138006687164307,0.8657744526863098,200
612,linear1.weight_2,-0.3958297073841095,0.4387114942073822,param,,,-0.3958297073841095,0.4387114942073822,200
613,linear1.weight_3,0.20146673917770386,-0.13046884536743164,param,,,0.20146673917770386,-0.13046884536743164,200
614,linear1.weight_4,-0.9296466708183289,0.7601726651191711,param,,,-0.9296466708183289,0.7601726651191711,200
615,linear1.weight_5,0.8966072797775269,0.13994744420051575,param,,,0.8966072797775269,0.13994744420051575,200
616,linear1.weight_6,0.9535985589027405,0.6649432182312012,param,,,0.9535985589027405,0.6649432182312012,200
617,linear1.weight_7,-0.3684372901916504,0.8937284350395203,param,,,-0.3684372901916504,0.8937284350395203,200
618,linear1.weight_8,0.22775349020957947,0.03175769001245499,param,,,0.22775349020957947,0.03175769001245499,200
619,linear1.weight_9,1.0803664922714233,0.2332991510629654,param,,,1.0803664922714233,0.2332991510629654,200
620,linear1.bias,-0.11954519897699356,0.5143746137619019,bias,,,-0.11954519897699356,0.5143746137619019,200
621,linear2.weight_0,0.13949421048164368,0.87201988697052,param,,,0.13949421048164368,0.87201988697052,200
622,linear2.weight_1,-0.6431689262390137,0.7333824038505554,param,,,-0.6431689262390137,0.7333824038505554,200
623,linear2.weight_2,-0.614177942276001,-1.1661256551742554,param,,,-0.614177942276001,-1.1661256551742554,200
624,linear2.weight_3,-0.1624792069196701,-1.1122056245803833,param,,,-0.1624792069196701,-1.1122056245803833,200
625,linear2.weight_4,0.007322530262172222,-0.41227102279663086,param,,,0.007322530262172222,-0.41227102279663086,200
626,linear2.weight_5,0.08493450284004211,-0.8015459179878235,param,,,0.08493450284004211,-0.8015459179878235,200
627,linear2.weight_6,-0.030064012855291367,-0.7777100801467896,param,,,-0.030064012855291367,-0.7777100801467896,200
628,linear2.weight_7,-0.31025323271751404,-0.44287237524986267,param,,,-0.31025323271751404,-0.44287237524986267,200
629,linear2.bias,-0.17968624830245972,0.1237020343542099,bias,,,-0.17968624830245972,0.1237020343542099,200
630,<unk>,0.0,0.0,Embedding,,,0.0,0.0,210
631,'s,-0.3992163836956024,2.060555934906006,Embedding,,,-0.3992163836956024,2.060555934906006,210
632,What,0.9500538110733032,2.2285823822021484,Embedding,,,0.9500538110733032,2.2285823822021484,210
633,capital,-0.703279435634613,1.2292768955230713,Embedding,,,-0.703279435634613,1.2292768955230713,210
634,currency,1.894233226776123,-0.951941728591919,Embedding,,,1.894233226776123,-0.951941728591919,210
635,england,-2.3698782920837402,0.8267050981521606,Embedding,,,-2.3698782920837402,0.8267050981521606,210
636,is,0.5617210865020752,1.3144720792770386,Embedding,,,0.5617210865020752,1.3144720792770386,210
637,of,0.2565823495388031,1.3037701845169067,Embedding,,,0.2565823495388031,1.3037701845169067,210
638,russia,1.7024056911468506,-0.12144900113344193,Embedding,,,1.7024056911468506,-0.12144900113344193,210
639,this,-0.2009744495153427,-0.02555207908153534,Embedding,,,-0.2009744495153427,-0.02555207908153534,210
640,linear1.weight_0,-0.3913913667201996,0.1694643646478653,param,,,-0.3913913667201996,0.1694643646478653,210
641,linear1.weight_1,-0.7074260711669922,0.8827821016311646,param,,,-0.7074260711669922,0.8827821016311646,210
642,linear1.weight_2,-0.3910053074359894,0.46015632152557373,param,,,-0.3910053074359894,0.46015632152557373,210
643,linear1.weight_3,0.20146673917770386,-0.13046884536743164,param,,,0.20146673917770386,-0.13046884536743164,210
644,linear1.weight_4,-0.9349120855331421,0.7546571493148804,param,,,-0.9349120855331421,0.7546571493148804,210
645,linear1.weight_5,0.9009889960289001,0.15204274654388428,param,,,0.9009889960289001,0.15204274654388428,210
646,linear1.weight_6,0.9654607772827148,0.6852221488952637,param,,,0.9654607772827148,0.6852221488952637,210
647,linear1.weight_7,-0.3653680682182312,0.8882014155387878,param,,,-0.3653680682182312,0.8882014155387878,210
648,linear1.weight_8,0.22775349020957947,0.03175769001245499,param,,,0.22775349020957947,0.03175769001245499,210
649,linear1.weight_9,1.0812369585037231,0.22692427039146423,param,,,1.0812369585037231,0.22692427039146423,210
650,linear1.bias,-0.10008754581212997,0.5325813293457031,bias,,,-0.10008754581212997,0.5325813293457031,210
651,linear2.weight_0,0.13050828874111176,0.8387647271156311,param,,,0.13050828874111176,0.8387647271156311,210
652,linear2.weight_1,-0.6671305298805237,0.6937364935874939,param,,,-0.6671305298805237,0.6937364935874939,210
653,linear2.weight_2,-0.6345672607421875,-1.203161358833313,param,,,-0.6345672607421875,-1.203161358833313,210
654,linear2.weight_3,-0.17280152440071106,-1.148049235343933,param,,,-0.17280152440071106,-1.148049235343933,210
655,linear2.weight_4,0.007322469726204872,-0.4122723340988159,param,,,0.007322469726204872,-0.4122723340988159,210
656,linear2.weight_5,0.08493445813655853,-0.8015467524528503,param,,,0.08493445813655853,-0.8015467524528503,210
657,linear2.weight_6,-0.030064012855291367,-0.7777100801467896,param,,,-0.030064012855291367,-0.7777100801467896,210
658,linear2.weight_7,-0.31025323271751404,-0.44287237524986267,param,,,-0.31025323271751404,-0.44287237524986267,210
659,linear2.bias,-0.20310650765895844,0.09903876483440399,bias,,,-0.20310650765895844,0.09903876483440399,210
660,<unk>,0.0,0.0,Embedding,,,0.0,0.0,220
661,'s,-0.39926815032958984,2.062199592590332,Embedding,,,-0.39926815032958984,2.062199592590332,220
662,What,0.9522964954376221,2.2412917613983154,Embedding,,,0.9522964954376221,2.2412917613983154,220
663,capital,-0.7049884796142578,1.2347489595413208,Embedding,,,-0.7049884796142578,1.2347489595413208,220
664,currency,1.8980385065078735,-0.9429908394813538,Embedding,,,1.8980385065078735,-0.9429908394813538,220
665,england,-2.369903802871704,0.8357514142990112,Embedding,,,-2.369903802871704,0.8357514142990112,220
666,is,0.563987672328949,1.3267030715942383,Embedding,,,0.563987672328949,1.3267030715942383,220
667,of,0.2588489353656769,1.3160011768341064,Embedding,,,0.2588489353656769,1.3160011768341064,220
668,russia,1.704671859741211,-0.11609028279781342,Embedding,,,1.704671859741211,-0.11609028279781342,220
669,this,-0.19870786368846893,-0.013321003876626492,Embedding,,,-0.19870786368846893,-0.013321003876626492,220
670,linear1.weight_0,-0.3976362347602844,0.1913541704416275,param,,,-0.3976362347602844,0.1913541704416275,220
671,linear1.weight_1,-0.6947725415229797,0.9048192501068115,param,,,-0.6947725415229797,0.9048192501068115,220
672,linear1.weight_2,-0.3832770586013794,0.48340538144111633,param,,,-0.3832770586013794,0.48340538144111633,220
673,linear1.weight_3,0.20146673917770386,-0.13046884536743164,param,,,0.20146673917770386,-0.13046884536743164,220
674,linear1.weight_4,-0.9394569396972656,0.7540459632873535,param,,,-0.9394569396972656,0.7540459632873535,220
675,linear1.weight_5,0.9081616401672363,0.17218910157680511,param,,,0.9081616401672363,0.17218910157680511,220
676,linear1.weight_6,0.976994514465332,0.7068869471549988,param,,,0.976994514465332,0.7068869471549988,220
677,linear1.weight_7,-0.36619794368743896,0.884556770324707,param,,,-0.36619794368743896,0.884556770324707,220
678,linear1.weight_8,0.22775349020957947,0.03175769001245499,param,,,0.22775349020957947,0.03175769001245499,220
679,linear1.weight_9,1.0833293199539185,0.22279343008995056,param,,,1.0833293199539185,0.22279343008995056,220
680,linear1.bias,-0.07986363023519516,0.5566405057907104,bias,,,-0.07986363023519516,0.5566405057907104,220
681,linear2.weight_0,0.11767539381980896,0.8046415448188782,param,,,0.11767539381980896,0.8046415448188782,220
682,linear2.weight_1,-0.6922023296356201,0.6538741588592529,param,,,-0.6922023296356201,0.6538741588592529,220
683,linear2.weight_2,-0.656669020652771,-1.2410125732421875,param,,,-0.656669020652771,-1.2410125732421875,220
684,linear2.weight_3,-0.18761685490608215,-1.1846885681152344,param,,,-0.18761685490608215,-1.1846885681152344,220
685,linear2.weight_4,0.007322280202060938,-0.4122750461101532,param,,,0.007322280202060938,-0.4122750461101532,220
686,linear2.weight_5,0.0849343091249466,-0.8015488982200623,param,,,0.0849343091249466,-0.8015488982200623,220
687,linear2.weight_6,-0.030064012855291367,-0.7777100801467896,param,,,-0.030064012855291367,-0.7777100801467896,220
688,linear2.weight_7,-0.31025323271751404,-0.44287237524986267,param,,,-0.31025323271751404,-0.44287237524986267,220
689,linear2.bias,-0.22565685212612152,0.07372549176216125,bias,,,-0.22565685212612152,0.07372549176216125,220
690,<unk>,0.0,0.0,Embedding,,,0.0,0.0,230
691,'s,-0.39918288588523865,2.06414794921875,Embedding,,,-0.39918288588523865,2.06414794921875,230
692,What,0.9555912017822266,2.256234884262085,Embedding,,,0.9555912017822266,2.256234884262085,230
693,capital,-0.706508457660675,1.2421292066574097,Embedding,,,-0.706508457660675,1.2421292066574097,230
694,currency,1.9026634693145752,-0.9328864812850952,Embedding,,,1.9026634693145752,-0.9328864812850952,230
695,england,-2.369919776916504,0.8464562296867371,Embedding,,,-2.369919776916504,0.8464562296867371,230
696,is,0.5672452449798584,1.3411414623260498,Embedding,,,0.5672452449798584,1.3411414623260498,230
697,of,0.2621065378189087,1.330439567565918,Embedding,,,0.2621065378189087,1.330439567565918,230
698,russia,1.7079815864562988,-0.10941723734140396,Embedding,,,1.7079815864562988,-0.10941723734140396,230
699,this,-0.19545026123523712,0.0011173601960763335,Embedding,,,-0.19545026123523712,0.0011173601960763335,230
700,linear1.weight_0,-0.4033891558647156,0.21342699229717255,param,,,-0.4033891558647156,0.21342699229717255,230
701,linear1.weight_1,-0.6819981336593628,0.9287222027778625,param,,,-0.6819981336593628,0.9287222027778625,230
702,linear1.weight_2,-0.3724977672100067,0.508008599281311,param,,,-0.3724977672100067,0.508008599281311,230
703,linear1.weight_3,0.20146673917770386,-0.13046884536743164,param,,,0.20146673917770386,-0.13046884536743164,230
704,linear1.weight_4,-0.9432190656661987,0.7562251687049866,param,,,-0.9432190656661987,0.7562251687049866,230
705,linear1.weight_5,0.9197908043861389,0.1940486580133438,param,,,0.9197908043861389,0.1940486580133438,230
706,linear1.weight_6,0.9883718490600586,0.7304420471191406,param,,,0.9883718490600586,0.7304420471191406,230
707,linear1.weight_7,-0.36754310131073,0.8855125904083252,param,,,-0.36754310131073,0.8855125904083252,230
708,linear1.weight_8,0.22775349020957947,0.03175769001245499,param,,,0.22775349020957947,0.03175769001245499,230
709,linear1.weight_9,1.086873173713684,0.2220897227525711,param,,,1.086873173713684,0.2220897227525711,230
710,linear1.bias,-0.05943630635738373,0.5821455717086792,bias,,,-0.05943630635738373,0.5821455717086792,230
711,linear2.weight_0,0.101656973361969,0.769349217414856,param,,,0.101656973361969,0.769349217414856,230
712,linear2.weight_1,-0.7173487544059753,0.6142045259475708,param,,,-0.7173487544059753,0.6142045259475708,230
713,linear2.weight_2,-0.6800835132598877,-1.2795389890670776,param,,,-0.6800835132598877,-1.2795389890670776,230
714,linear2.weight_3,-0.2058858573436737,-1.2222882509231567,param,,,-0.2058858573436737,-1.2222882509231567,230
715,linear2.weight_4,0.007321762386709452,-0.4122806787490845,param,,,0.007321762386709452,-0.4122806787490845,230
716,linear2.weight_5,0.08493383228778839,-0.8015540242195129,param,,,0.08493383228778839,-0.8015540242195129,230
717,linear2.weight_6,-0.03006402589380741,-0.7777100801467896,param,,,-0.03006402589380741,-0.7777100801467896,230
718,linear2.weight_7,-0.31025323271751404,-0.44287237524986267,param,,,-0.31025323271751404,-0.44287237524986267,230
719,linear2.bias,-0.24762576818466187,0.04825939983129501,bias,,,-0.24762576818466187,0.04825939983129501,230
720,<unk>,0.0,0.0,Embedding,,,0.0,0.0,240
721,'s,-0.3986819088459015,2.0664243698120117,Embedding,,,-0.3986819088459015,2.0664243698120117,240
722,What,0.960315465927124,2.2731518745422363,Embedding,,,0.960315465927124,2.2731518745422363,240
723,capital,-0.7074902057647705,1.251104474067688,Embedding,,,-0.7074902057647705,1.251104474067688,240
724,currency,1.908197045326233,-0.9215642809867859,Embedding,,,1.908197045326233,-0.9215642809867859,240
725,england,-2.369499921798706,0.858424186706543,Embedding,,,-2.369499921798706,0.858424186706543,240
726,is,0.5717617273330688,1.3575289249420166,Embedding,,,0.5717617273330688,1.3575289249420166,240
727,of,0.26662304997444153,1.3468270301818848,Embedding,,,0.26662304997444153,1.3468270301818848,240
728,russia,1.7123578786849976,-0.10119441896677017,Embedding,,,1.7123578786849976,-0.10119441896677017,240
729,this,-0.1909337043762207,0.017504721879959106,Embedding,,,-0.1909337043762207,0.017504721879959106,240
730,linear1.weight_0,-0.40843629837036133,0.23540650308132172,param,,,-0.40843629837036133,0.23540650308132172,240
731,linear1.weight_1,-0.6688517332077026,0.9539709091186523,param,,,-0.6688517332077026,0.9539709091186523,240
732,linear1.weight_2,-0.3592151999473572,0.5337427258491516,param,,,-0.3592151999473572,0.5337427258491516,240
733,linear1.weight_3,0.20146673917770386,-0.13046884536743164,param,,,0.20146673917770386,-0.13046884536743164,240
734,linear1.weight_4,-0.9462024569511414,0.7604433298110962,param,,,-0.9462024569511414,0.7604433298110962,240
735,linear1.weight_5,0.9345536231994629,0.21773074567317963,param,,,0.9345536231994629,0.21773074567317963,240
736,linear1.weight_6,1.000008463859558,0.7555626630783081,param,,,1.000008463859558,0.7555626630783081,240
737,linear1.weight_7,-0.36814069747924805,0.8912144303321838,param,,,-0.36814069747924805,0.8912144303321838,240
738,linear1.weight_8,0.22775349020957947,0.03175769001245499,param,,,0.22775349020957947,0.03175769001245499,240
739,linear1.weight_9,1.0921480655670166,0.22531366348266602,param,,,1.0921480655670166,0.22531366348266602,240
740,linear1.bias,-0.039107657968997955,0.6086674332618713,bias,,,-0.039107657968997955,0.6086674332618713,240
741,linear2.weight_0,0.08312423527240753,0.7331474423408508,param,,,0.08312423527240753,0.7331474423408508,240
742,linear2.weight_1,-0.7421090006828308,0.5748138427734375,param,,,-0.7421090006828308,0.5748138427734375,240
743,linear2.weight_2,-0.7042276263237,-1.318403959274292,param,,,-0.7042276263237,-1.318403959274292,240
744,linear2.weight_3,-0.22672289609909058,-1.2605586051940918,param,,,-0.22672289609909058,-1.2605586051940918,240
745,linear2.weight_4,0.0073204925283789635,-0.41229188442230225,param,,,0.0073204925283789635,-0.41229188442230225,240
746,linear2.weight_5,0.08493251353502274,-0.8015661239624023,param,,,0.08493251353502274,-0.8015661239624023,240
747,linear2.weight_6,-0.03006405383348465,-0.7777101993560791,param,,,-0.03006405383348465,-0.7777101993560791,240
748,linear2.weight_7,-0.31025323271751404,-0.4428725242614746,param,,,-0.31025323271751404,-0.4428725242614746,240
749,linear2.bias,-0.269014447927475,0.02297089993953705,bias,,,-0.269014447927475,0.02297089993953705,240
750,<unk>,0.0,0.0,Embedding,,,0.0,0.0,250
751,'s,-0.3980804979801178,2.069143295288086,Embedding,,,-0.3980804979801178,2.069143295288086,250
752,What,0.966315746307373,2.291747570037842,Embedding,,,0.966315746307373,2.291747570037842,250
753,capital,-0.7079432606697083,1.261370301246643,Embedding,,,-0.7079432606697083,1.261370301246643,250
754,currency,1.9145504236221313,-0.9090479612350464,Embedding,,,1.9145504236221313,-0.9090479612350464,250
755,england,-2.3687026500701904,0.8713513612747192,Embedding,,,-2.3687026500701904,0.8713513612747192,250
756,is,0.5775245428085327,1.3755483627319336,Embedding,,,0.5775245428085327,1.3755483627319336,250
757,of,0.272385835647583,1.3648464679718018,Embedding,,,0.272385835647583,1.3648464679718018,250
758,russia,1.7177225351333618,-0.09140177816152573,Embedding,,,1.7177225351333618,-0.09140177816152573,250
759,this,-0.18517093360424042,0.03552398085594177,Embedding,,,-0.18517093360424042,0.03552398085594177,250
760,linear1.weight_0,-0.4126829206943512,0.25719210505485535,param,,,-0.4126829206943512,0.25719210505485535,250
761,linear1.weight_1,-0.6550927758216858,0.9803499579429626,param,,,-0.6550927758216858,0.9803499579429626,250
762,linear1.weight_2,-0.3438076376914978,0.5603965520858765,param,,,-0.3438076376914978,0.5603965520858765,250
763,linear1.weight_3,0.20146673917770386,-0.13046884536743164,param,,,0.20146673917770386,-0.13046884536743164,250
764,linear1.weight_4,-0.9483409523963928,0.766288161277771,param,,,-0.9483409523963928,0.766288161277771,250
765,linear1.weight_5,0.9519058465957642,0.24270479381084442,param,,,0.9519058465957642,0.24270479381084442,250
766,linear1.weight_6,1.0120223760604858,0.7818691730499268,param,,,1.0120223760604858,0.7818691730499268,250
767,linear1.weight_7,-0.36764341592788696,0.9005844593048096,param,,,-0.36764341592788696,0.9005844593048096,250
768,linear1.weight_8,0.22775349020957947,0.03175769001245499,param,,,0.22775349020957947,0.03175769001245499,250
769,linear1.weight_9,1.0990922451019287,0.23184117674827576,param,,,1.0990922451019287,0.23184117674827576,250
770,linear1.bias,-0.01900985650718212,0.6360034346580505,bias,,,-0.01900985650718212,0.6360034346580505,250
771,linear2.weight_0,0.06267916411161423,0.6963286399841309,param,,,0.06267916411161423,0.6963286399841309,250
772,linear2.weight_1,-0.7661824822425842,0.5356976389884949,param,,,-0.7661824822425842,0.5356976389884949,250
773,linear2.weight_2,-0.7287834286689758,-1.3574668169021606,param,,,-0.7287834286689758,-1.3574668169021606,250
774,linear2.weight_3,-0.24946606159210205,-1.2992708683013916,param,,,-0.24946606159210205,-1.2992708683013916,250
775,linear2.weight_4,0.007317541632801294,-0.4123139977455139,param,,,0.007317541632801294,-0.4123139977455139,250
776,linear2.weight_5,0.084928959608078,-0.8015949130058289,param,,,0.084928959608078,-0.8015949130058289,250
777,linear2.weight_6,-0.030064115300774574,-0.7777107954025269,param,,,-0.030064115300774574,-0.7777107954025269,250
778,linear2.weight_7,-0.31025323271751404,-0.4428728222846985,param,,,-0.31025323271751404,-0.4428728222846985,250
779,linear2.bias,-0.28972524404525757,-0.001982267014682293,bias,,,-0.28972524404525757,-0.001982267014682293,250
780,<unk>,0.0,0.0,Embedding,,,0.0,0.0,260
781,'s,-0.3975968360900879,2.072462797164917,Embedding,,,-0.3975968360900879,2.072462797164917,260
782,What,0.9739081859588623,2.3120038509368896,Embedding,,,0.9739081859588623,2.3120038509368896,260
783,capital,-0.7069029808044434,1.2729582786560059,Embedding,,,-0.7069029808044434,1.2729582786560059,260
784,currency,1.921364188194275,-0.8952914476394653,Embedding,,,1.921364188194275,-0.8952914476394653,260
785,england,-2.3666975498199463,0.885332465171814,Embedding,,,-2.3666975498199463,0.885332465171814,260
786,is,0.5849406123161316,1.39516282081604,Embedding,,,0.5849406123161316,1.39516282081604,260
787,of,0.27980196475982666,1.3844609260559082,Embedding,,,0.27980196475982666,1.3844609260559082,260
788,russia,1.7237578630447388,-0.08006937056779861,Embedding,,,1.7237578630447388,-0.08006937056779861,260
789,this,-0.17775483429431915,0.05513845011591911,Embedding,,,-0.17775483429431915,0.05513845011591911,260
790,linear1.weight_0,-0.4162192940711975,0.2791307270526886,param,,,-0.4162192940711975,0.2791307270526886,260
791,linear1.weight_1,-0.6404668092727661,1.0076974630355835,param,,,-0.6404668092727661,1.0076974630355835,260
792,linear1.weight_2,-0.3265978991985321,0.5881600975990295,param,,,-0.3265978991985321,0.5881600975990295,260
793,linear1.weight_3,0.20146673917770386,-0.13046884536743164,param,,,0.20146673917770386,-0.13046884536743164,260
794,linear1.weight_4,-0.9496976137161255,0.7747774720191956,param,,,-0.9496976137161255,0.7747774720191956,260
795,linear1.weight_5,0.9712024331092834,0.2690313160419464,param,,,0.9712024331092834,0.2690313160419464,260
796,linear1.weight_6,1.0243474245071411,0.8087531924247742,param,,,1.0243474245071411,0.8087531924247742,260
797,linear1.weight_7,-0.36552849411964417,0.9130282402038574,param,,,-0.36552849411964417,0.9130282402038574,260
798,linear1.weight_8,0.22775349020957947,0.03175769001245499,param,,,0.22775349020957947,0.03175769001245499,260
799,linear1.weight_9,1.1060340404510498,0.2454947829246521,param,,,1.1060340404510498,0.2454947829246521,260
800,linear1.bias,0.0011771530844271183,0.6640244126319885,bias,,,0.0011771530844271183,0.6640244126319885,260
801,linear2.weight_0,0.04088328406214714,0.6592128276824951,param,,,0.04088328406214714,0.6592128276824951,260
802,linear2.weight_1,-0.7902740240097046,0.49634993076324463,param,,,-0.7902740240097046,0.49634993076324463,260
803,linear2.weight_2,-0.7536008358001709,-1.3966723680496216,param,,,-0.7536008358001709,-1.3966723680496216,260
804,linear2.weight_3,-0.27379491925239563,-1.3383500576019287,param,,,-0.27379491925239563,-1.3383500576019287,260
805,linear2.weight_4,0.007310766726732254,-0.41235849261283875,param,,,0.007310766726732254,-0.41235849261283875,260
806,linear2.weight_5,0.08491910994052887,-0.8016653656959534,param,,,0.08491910994052887,-0.8016653656959534,260
807,linear2.weight_6,-0.030064258724451065,-0.7777117490768433,param,,,-0.030064258724451065,-0.7777117490768433,260
808,linear2.weight_7,-0.31025341153144836,-0.44287335872650146,param,,,-0.31025341153144836,-0.44287335872650146,260
809,linear2.bias,-0.30958548188209534,-0.026816438883543015,bias,,,-0.30958548188209534,-0.026816438883543015,260
810,<unk>,0.0,0.0,Embedding,,,0.0,0.0,270
811,'s,-0.3969510495662689,2.076050281524658,Embedding,,,-0.3969510495662689,2.076050281524658,270
812,What,0.9820071458816528,2.3339855670928955,Embedding,,,0.9820071458816528,2.3339855670928955,270
813,capital,-0.7052675485610962,1.2859890460968018,Embedding,,,-0.7052675485610962,1.2859890460968018,270
814,currency,1.9282358884811401,-0.8801994323730469,Embedding,,,1.9282358884811401,-0.8801994323730469,270
815,england,-2.364271640777588,0.9002038240432739,Embedding,,,-2.364271640777588,0.9002038240432739,270
816,is,0.5928080677986145,1.4165245294570923,Embedding,,,0.5928080677986145,1.4165245294570923,270
817,of,0.28766947984695435,1.4058226346969604,Embedding,,,0.28766947984695435,1.4058226346969604,270
818,russia,1.7299810647964478,-0.06680283695459366,Embedding,,,1.7299810647964478,-0.06680283695459366,270
819,this,-0.16988739371299744,0.07650019228458405,Embedding,,,-0.16988739371299744,0.07650019228458405,270
820,linear1.weight_0,-0.4192178547382355,0.3017432987689972,param,,,-0.4192178547382355,0.3017432987689972,270
821,linear1.weight_1,-0.6249980330467224,1.0358198881149292,param,,,-0.6249980330467224,1.0358198881149292,270
822,linear1.weight_2,-0.30796587467193604,0.6171340942382812,param,,,-0.30796587467193604,0.6171340942382812,270
823,linear1.weight_3,0.20146673917770386,-0.13046884536743164,param,,,0.20146673917770386,-0.13046884536743164,270
824,linear1.weight_4,-0.9474730491638184,0.7878288626670837,param,,,-0.9474730491638184,0.7878288626670837,270
825,linear1.weight_5,0.9918149709701538,0.2968652546405792,param,,,0.9918149709701538,0.2968652546405792,270
826,linear1.weight_6,1.0374630689620972,0.8361994624137878,param,,,1.0374630689620972,0.8361994624137878,270
827,linear1.weight_7,-0.3614969253540039,0.9280126094818115,param,,,-0.3614969253540039,0.9280126094818115,270
828,linear1.weight_8,0.22775349020957947,0.03175769001245499,param,,,0.22775349020957947,0.03175769001245499,270
829,linear1.weight_9,1.1140167713165283,0.26231762766838074,param,,,1.1140167713165283,0.26231762766838074,270
830,linear1.bias,0.021918486803770065,0.6925800442695618,bias,,,0.021918486803770065,0.6925800442695618,270
831,linear2.weight_0,0.0178883895277977,0.6217218637466431,param,,,0.0178883895277977,0.6217218637466431,270
832,linear2.weight_1,-0.8153588771820068,0.4562814235687256,param,,,-0.8153588771820068,0.4562814235687256,270
833,linear2.weight_2,-0.7789319157600403,-1.436181664466858,param,,,-0.7789319157600403,-1.436181664466858,270
834,linear2.weight_3,-0.29955771565437317,-1.377896785736084,param,,,-0.29955771565437317,-1.377896785736084,270
835,linear2.weight_4,0.0072942632250487804,-0.4124550223350525,param,,,0.0072942632250487804,-0.4124550223350525,270
836,linear2.weight_5,0.08488933742046356,-0.8018550872802734,param,,,0.08488933742046356,-0.8018550872802734,270
837,linear2.weight_6,-0.030064595863223076,-0.7777138948440552,param,,,-0.030064595863223076,-0.7777138948440552,270
838,linear2.weight_7,-0.310253769159317,-0.4428744912147522,param,,,-0.310253769159317,-0.4428744912147522,270
839,linear2.bias,-0.32867664098739624,-0.05171574279665947,bias,,,-0.32867664098739624,-0.05171574279665947,270
840,<unk>,0.0,0.0,Embedding,,,0.0,0.0,280
841,'s,-0.3959182798862457,2.07981538772583,Embedding,,,-0.3959182798862457,2.07981538772583,280
842,What,0.9917612671852112,2.3583788871765137,Embedding,,,0.9917612671852112,2.3583788871765137,280
843,capital,-0.7019197344779968,1.3003181219100952,Embedding,,,-0.7019197344779968,1.3003181219100952,280
844,currency,1.9355329275131226,-0.8624325394630432,Embedding,,,1.9355329275131226,-0.8624325394630432,280
845,england,-2.3602399826049805,0.9153768420219421,Embedding,,,-2.3602399826049805,0.9153768420219421,280
846,is,0.6022188663482666,1.4403730630874634,Embedding,,,0.6022188663482666,1.4403730630874634,280
847,of,0.297080397605896,1.4296711683273315,Embedding,,,0.297080397605896,1.4296711683273315,280
848,russia,1.7366878986358643,-0.04976077377796173,Embedding,,,1.7366878986358643,-0.04976077377796173,280
849,this,-0.16047655045986176,0.10034860670566559,Embedding,,,-0.16047655045986176,0.10034860670566559,280
850,linear1.weight_0,-0.4214763939380646,0.32450443506240845,param,,,-0.4214763939380646,0.32450443506240845,280
851,linear1.weight_1,-0.6061829924583435,1.065186858177185,param,,,-0.6061829924583435,1.065186858177185,280
852,linear1.weight_2,-0.2889854907989502,0.6466050148010254,param,,,-0.2889854907989502,0.6466050148010254,280
853,linear1.weight_3,0.20146673917770386,-0.13046884536743164,param,,,0.20146673917770386,-0.13046884536743164,280
854,linear1.weight_4,-0.9334679245948792,0.8071868419647217,param,,,-0.9334679245948792,0.8071868419647217,280
855,linear1.weight_5,1.0133503675460815,0.3260078728199005,param,,,1.0133503675460815,0.3260078728199005,280
856,linear1.weight_6,1.0546878576278687,0.8657340407371521,param,,,1.0546878576278687,0.8657340407371521,280
857,linear1.weight_7,-0.355546236038208,0.9444277286529541,param,,,-0.355546236038208,0.9444277286529541,280
858,linear1.weight_8,0.22775349020957947,0.03175769001245499,param,,,0.22775349020957947,0.03175769001245499,280
859,linear1.weight_9,1.1267207860946655,0.2835463285446167,param,,,1.1267207860946655,0.2835463285446167,280
860,linear1.bias,0.042658157646656036,0.7224358320236206,bias,,,0.042658157646656036,0.7224358320236206,280
861,linear2.weight_0,-0.007098042871803045,0.5830588340759277,param,,,-0.007098042871803045,0.5830588340759277,280
862,linear2.weight_1,-0.8404567837715149,0.4159531891345978,param,,,-0.8404567837715149,0.4159531891345978,280
863,linear2.weight_2,-0.8045939803123474,-1.4763634204864502,param,,,-0.8045939803123474,-1.4763634204864502,280
864,linear2.weight_3,-0.326151579618454,-1.4177162647247314,param,,,-0.326151579618454,-1.4177162647247314,280
865,linear2.weight_4,0.00725076487287879,-0.4126846492290497,param,,,0.00725076487287879,-0.4126846492290497,280
866,linear2.weight_5,0.08478850871324539,-0.8024353981018066,param,,,0.08478850871324539,-0.8024353981018066,280
867,linear2.weight_6,-0.030065443366765976,-0.7777186632156372,param,,,-0.030065443366765976,-0.7777186632156372,280
868,linear2.weight_7,-0.3102545440196991,-0.44287699460983276,param,,,-0.3102545440196991,-0.44287699460983276,280
869,linear2.bias,-0.3479136526584625,-0.07627461850643158,bias,,,-0.3479136526584625,-0.07627461850643158,280
870,<unk>,0.0,0.0,Embedding,,,0.0,0.0,290
871,'s,-0.39462146162986755,2.0837864875793457,Embedding,,,-0.39462146162986755,2.0837864875793457,290
872,What,1.002889633178711,2.3850018978118896,Embedding,,,1.002889633178711,2.3850018978118896,290
873,capital,-0.6972258687019348,1.3159321546554565,Embedding,,,-0.6972258687019348,1.3159321546554565,290
874,currency,1.9432462453842163,-0.8421035408973694,Embedding,,,1.9432462453842163,-0.8421035408973694,290
875,england,-2.3550374507904053,0.9315673112869263,Embedding,,,-2.3550374507904053,0.9315673112869263,290
876,is,0.6129404902458191,1.4665157794952393,Embedding,,,0.6129404902458191,1.4665157794952393,290
877,of,0.3078019320964813,1.4558138847351074,Embedding,,,0.3078019320964813,1.4558138847351074,290
878,russia,1.743948221206665,-0.029876120388507843,Embedding,,,1.743948221206665,-0.029876120388507843,290
879,this,-0.14975500106811523,0.1264912337064743,Embedding,,,-0.14975500106811523,0.1264912337064743,290
880,linear1.weight_0,-0.40759652853012085,0.352619469165802,param,,,-0.40759652853012085,0.352619469165802,290
881,linear1.weight_1,-0.5850187540054321,1.0956929922103882,param,,,-0.5850187540054321,1.0956929922103882,290
882,linear1.weight_2,-0.26889273524284363,0.677274763584137,param,,,-0.26889273524284363,0.677274763584137,290
883,linear1.weight_3,0.20146673917770386,-0.13046884536743164,param,,,0.20146673917770386,-0.13046884536743164,290
884,linear1.weight_4,-0.9185373187065125,0.8280771970748901,param,,,-0.9185373187065125,0.8280771970748901,290
885,linear1.weight_5,1.0362192392349243,0.3567696511745453,param,,,1.0362192392349243,0.3567696511745453,290
886,linear1.weight_6,1.0746876001358032,0.8968393802642822,param,,,1.0746876001358032,0.8968393802642822,290
887,linear1.weight_7,-0.34748613834381104,0.9628368020057678,param,,,-0.34748613834381104,0.9628368020057678,290
888,linear1.weight_8,0.22775349020957947,0.03175769001245499,param,,,0.22775349020957947,0.03175769001245499,290
889,linear1.weight_9,1.1426438093185425,0.3076852560043335,param,,,1.1426438093185425,0.3076852560043335,290
890,linear1.bias,0.0704074501991272,0.7533659338951111,bias,,,0.0704074501991272,0.7533659338951111,290
891,linear2.weight_0,-0.03424152731895447,0.5434427261352539,param,,,-0.03424152731895447,0.5434427261352539,290
892,linear2.weight_1,-0.8667870759963989,0.37499120831489563,param,,,-0.8667870759963989,0.37499120831489563,290
893,linear2.weight_2,-0.8310050964355469,-1.5171384811401367,param,,,-0.8310050964355469,-1.5171384811401367,290
894,linear2.weight_3,-0.3541857600212097,-1.4579488039016724,param,,,-0.3541857600212097,-1.4579488039016724,290
895,linear2.weight_4,0.007124382071197033,-0.41328367590904236,param,,,0.007124382071197033,-0.41328367590904236,290
896,linear2.weight_5,0.08439037948846817,-0.8043864965438843,param,,,0.08439037948846817,-0.8043864965438843,290
897,linear2.weight_6,-0.03006783314049244,-0.7777306437492371,param,,,-0.03006783314049244,-0.7777306437492371,290
898,linear2.weight_7,-0.3102566599845886,-0.44288307428359985,param,,,-0.3102566599845886,-0.44288307428359985,290
899,linear2.bias,-0.3674851953983307,-0.1008715108036995,bias,,,-0.3674851953983307,-0.1008715108036995,290
